"Application_Name"|"MegaID"|"Owning_Org_Level_1"|"InfoSec_Not_Applicable"|"reason_for_exclusion"|"Exclusion_date"|"SL_SPOC"
"SAP-HR-PAYROLL-ES"|"7F186A01584061D9"|"MY PG SERVICES"|""|"It is a components of SAPHR-PAYROLL app"|"2018-10-01 00:00:00"|"M. Mahieu"
"SAP-HR-PAYROLL-IE"|"F50B2AAB4AA9081E"|"MY PG SERVICES"|""|"It is a components of SAPHR-PAYROLL app"|"2018-10-03 00:00:00"|"M. Mahieu"
"Travel and Mass Messaging"|"1A142BFB581C5574"|"MY PG SERVICES"|""|"Move this app out as CF HR. Not a MyPGS app "|"2018-10-04 00:00:00"|"M. Mahieu"
"Maple Application"|"47AA48D34E94004B"|"PS Shared Services & Technology Operations"|""|"InfoSec blueprint conducted in October 2017 and approved by Ellery Lewis"|"2018-12-21 00:00:00"|"Marco DeSantis"
"Montage - Video Interviewing"|"0F6D358E581B2289"|"MY PG SERVICES"|""|"Completed in old iRisk ( 1003665) - https://pgone.sharepoint.com/:f:/r/sites/gbsitriskmgmt/Shared%20Documents/3.%20iRisk/2.%20iRisk%20Archives/0.%20Archived%20iRisk%20Assessments/Montage%20-%20Virtual%20Interviewing?csf=1&e=XZwNun"|"2018-02-11 00:00:00"|"M. Mahieu"
"CTI (Computer Telephony Interface) - Employee Care"|"E83AEAD05A82578B"|"MY PG SERVICES"|""|"Joined old iRisk assessment for Bomgar, CTI and Livestation : https://pgone.sharepoint.com/:f:/r/sites/gbsitriskmgmt/Shared%20Documents/3.%20iRisk/2.%20iRisk%20Archives/0.%20Archived%20iRisk%20Assessments/Ithaca%20Employee%20Care%20-%20Bomgar,%20CTI%20and%20Livestation?csf=1&e=d8SLLI"|"2018-02-11 00:00:00"|"M. Mahieu"
"Livestation"|"E83AEAD55A82581E"|"MY PG SERVICES"|""|"Joined old iRisk assessment for Bomgar, CTI and Livestation : https://pgone.sharepoint.com/:f:/r/sites/gbsitriskmgmt/Shared%20Documents/3.%20iRisk/2.%20iRisk%20Archives/0.%20Archived%20iRisk%20Assessments/Ithaca%20Employee%20Care%20-%20Bomgar,%20CTI%20and%20Livestation?csf=1&e=d8SLLI"|"2018-02-11 00:00:00"|"M. Mahieu"
"Ipay"|"72B873F459DC5052"|"MY PG SERVICES"|""|"Joined old iRisk assessment for MyPenPay. iRisk ID = 983120"|"2018-02-11 00:00:00"|"M. Mahieu"
"JLL Facilities Survey"|"079207F75A943058"|"MY PG SERVICES"|""|"Vendor is data controller (Luca Marotta, 2019-02-25)"|"2018-02-25 00:00:00"|"M. Mahieu"
"SCORE Distribution App"|"40D347F45BC73632"|"IT Data & Analytics Organization"|""|"Vendor is data controller (Luca Marotta, 2019-02-25)"|"2018-02-25 00:00:00"|"Dustin Schoedel"
"Egencia Online Booking"|"56FC58FA4DA4010B"|"MY PG SERVICES"|""|"Vendor is data controller (Luca Marotta, 2019-02-25)"|"2018-02-25 00:00:00"|"M. Mahieu"
"Amex@Work"|"56FC656B4DA40954"|"MY PG SERVICES"|""|"Vendor is data controller (Luca Marotta, 2019-02-25)"|"2018-02-25 00:00:00"|"M. Mahieu"
"Accenture EDM Service Now Dispatch"|"78CB7FEC5BEA5120"|"MY PG SERVICES"|""|"Vendor is data controller (Luca Marotta, 2019-02-25)"|"2018-02-25 00:00:00"|"M. Mahieu"
"Egencia (iOS)"|"86E496B252A743CE"|"MY PG SERVICES"|""|"Vendor is data controller (Luca Marotta, 2019-02-25)"|"2018-02-25 00:00:00"|"M. Mahieu"
"Atlas For International Relocation"|"903B97D2534E5910"|"MY PG SERVICES"|""|"Vendor is data controller (Luca Marotta, 2019-02-25)"|"2018-02-25 00:00:00"|"M. Mahieu"
"PwC My Mobility"|"A233B708599179AB"|"MY PG SERVICES"|""|"Vendor is data controller (Luca Marotta, 2019-02-25)"|"2018-02-25 00:00:00"|"M. Mahieu"
"Atlas For Domestic Relocation"|"CB3BCC2F4F3B5212"|"MY PG SERVICES"|""|"Vendor is data controller (Luca Marotta, 2019-02-25)"|"2018-02-25 00:00:00"|"M. Mahieu"
"DVM 2.0"|"726DC3835B599715"|"IT Data & Analytics Organization"|""|"Vendor is data controller (Wojtek Wolski, 2019-02-26)"|"2018-02-26 00:00:00"|"Wojtek Wolski"
"PwC myTransfer"|"0D92236559A549A9"|"MY PG SERVICES"|""|"Vendor is data controller (M. Mahieu, 2019-02-27)"|"2018-02-26 00:00:00"|"M. Mahieu"
"ServiceNow - Employee Care HR Case"|"582E59615A950366"|"MY PG SERVICES"|""|"iRisk run in old system and assessed as sufficient. LINK: https://pgone.sharepoint.com/:f:/r/sites/gbsitriskmgmt/Shared%20Documents/3.%20iRisk/2.%20iRisk%20Archives/0.%20Archived%20iRisk%20Assessments/Employee%20Care%20Case%20Mgt?csf=1&e=dJ41Yu"|"2018-02-26 00:00:00"|"M. Mahieu"
"myISOP"|"08900CEF4A2E066E"|"MY PG SERVICES"|""|"InfoSec assessment and remediation completed with the CF InfoSec project for GDPR apps compliance in FY1718, as part of ISOP application MEGAID 7F1887DD583F5E77"|"2018-02-26 00:00:00"|"M. Mahieu"
"ISOP ICON"|"7F1888A2583F5EE0"|"MY PG SERVICES"|""|"InfoSec assessment and remediation completed with the CF InfoSec project for GDPR apps compliance in FY1718, as part of ISOP application MEGAID 7F1887DD583F5E77"|"2018-02-26 00:00:00"|"M. Mahieu"
"GlobalServices"|"AC1FCEAB58F45A64"|"MY PG SERVICES"|""|"InfoSec assessment and remediation completed with the CF InfoSec project for GDPR apps compliance in FY1718, as part of ISOP application MEGAID 7F1887DD583F5E77"|"2018-02-26 00:00:00"|"M. Mahieu"
"Shaker Experienced Hire Assessment"|"830C840258880D6E"|"MY PG SERVICES"|""|"iRisk completed in the old system https://pgone.sharepoint.com/:f:/r/sites/gbsitriskmgmt/Shared%20Documents/3.%20iRisk/2.%20iRisk%20Archives/0.%20Archived%20iRisk%20Assessments/Shaker%20Experienced%20Hire%20Assessment?csf=1&e=kbatRH"|"2018-02-28 00:00:00"|"M. Mahieu"
"Talent Brew"|"B560B5B659536500"|"MY PG SERVICES"|""|"iRisk completed in the old system https://pgone.sharepoint.com/:w:/r/sites/gbsitriskmgmt/Shared%20Documents/3.%20iRisk/2.%20iRisk%20Archives/0.%20Archived%20iRisk%20Assessments/Talent%20Brew%20-%20TMP%20%20LLC/Security%20Plan%20Template_Talent%20Brew-ACG.docx?d=wbf0534c260014d9dac31c2cf939e0a96&csf=1&e=DLWSbl"|"2018-02-28 00:00:00"|"M. Mahieu"
"PwC My Mobility mobile app"|"0DF60F7F592E3F7C"|"MY PG SERVICES"|""|"Vendor is data controller (M. Mahieu, 2019-03-12)"|"2019-03-12 00:00:00"|"M. Mahieu"
"Crown Interact"|"903B94E3534E55E5"|"MY PG SERVICES"|""|"Vendor is data controller (M. Mahieu, 2019-03-12)"|"2019-03-12 00:00:00"|"M. Mahieu"
"E*TRADE Commercial Website"|"FDDB18995A6A06E9"|"MY PG SERVICES"|""|"Vendor is data controller (M. Mahieu, 2019-03-12)"|"2019-03-12 00:00:00"|"M. Mahieu"
"Microsoft Visio Professional"|"17332596540F834D"|"MY PG SERVICES"|""|"legal (M.Medina) aligned to consider the old iRisk assessment valid. Old iRisk: https://pgone.sharepoint.com/:f:/r/sites/gbsitriskmgmt/Shared%20Documents/3.%20iRisk/2.%20iRisk%20Archives/0.%20Archived%20iRisk%20Assessments/Office%20365?csf=1&e=mMXJWa"|"2019-04-17 00:00:00"|"M. Mahieu"
"Microsoft O365 - Delve"|"1D551E88575751E8"|"MY PG SERVICES"|""|"legal (M.Medina) aligned to consider the old iRisk assessment valid. Old iRisk: https://pgone.sharepoint.com/:f:/r/sites/gbsitriskmgmt/Shared%20Documents/3.%20iRisk/2.%20iRisk%20Archives/0.%20Archived%20iRisk%20Assessments/Office%20365?csf=1&e=mMXJWa"|"2019-04-17 00:00:00"|"M. Mahieu"
"Microsoft Lync"|"2C752FC352A7460B"|"MY PG SERVICES"|""|"legal (M.Medina) aligned to consider the old iRisk assessment valid. Old iRisk: https://pgone.sharepoint.com/:f:/r/sites/gbsitriskmgmt/Shared%20Documents/3.%20iRisk/2.%20iRisk%20Archives/0.%20Archived%20iRisk%20Assessments/Office%20365?csf=1&e=mMXJWa"|"2019-04-17 00:00:00"|"M. Mahieu"
"Microsoft OneDrive Sync"|"34BA36DD57C855AA"|"MY PG SERVICES"|""|"legal (M.Medina) aligned to consider the old iRisk assessment valid. Old iRisk: https://pgone.sharepoint.com/:f:/r/sites/gbsitriskmgmt/Shared%20Documents/3.%20iRisk/2.%20iRisk%20Archives/0.%20Archived%20iRisk%20Assessments/Office%20365?csf=1&e=mMXJWa"|"2019-04-17 00:00:00"|"M. Mahieu"
"Microsoft Skype for Business Online"|"5BBD611D53902C29"|"MY PG SERVICES"|""|"legal (M.Medina) aligned to consider the old iRisk assessment valid. Old iRisk: https://pgone.sharepoint.com/:f:/r/sites/gbsitriskmgmt/Shared%20Documents/3.%20iRisk/2.%20iRisk%20Archives/0.%20Archived%20iRisk%20Assessments/Office%20365?csf=1&e=mMXJWa"|"2019-04-17 00:00:00"|"M. Mahieu"
"Microsoft PowerPoint"|"668671FA4A2F00A1"|"MY PG SERVICES"|""|"legal (M.Medina) aligned to consider the old iRisk assessment valid. Old iRisk: https://pgone.sharepoint.com/:f:/r/sites/gbsitriskmgmt/Shared%20Documents/3.%20iRisk/2.%20iRisk%20Archives/0.%20Archived%20iRisk%20Assessments/Office%20365?csf=1&e=mMXJWa"|"2019-04-17 00:00:00"|"M. Mahieu"
"Microsoft Word"|"6686720F4A2F00B1"|"MY PG SERVICES"|""|"legal (M.Medina) aligned to consider the old iRisk assessment valid. Old iRisk: https://pgone.sharepoint.com/:f:/r/sites/gbsitriskmgmt/Shared%20Documents/3.%20iRisk/2.%20iRisk%20Archives/0.%20Archived%20iRisk%20Assessments/Office%20365?csf=1&e=mMXJWa"|"2019-04-17 00:00:00"|"M. Mahieu"
"Microsoft O365 - SharePoint Online"|"66A86B2D57556040"|"MY PG SERVICES"|""|"legal (M.Medina) aligned to consider the old iRisk assessment valid. Old iRisk: https://pgone.sharepoint.com/:f:/r/sites/gbsitriskmgmt/Shared%20Documents/3.%20iRisk/2.%20iRisk%20Archives/0.%20Archived%20iRisk%20Assessments/Office%20365?csf=1&e=mMXJWa"|"2019-04-17 00:00:00"|"M. Mahieu"
"Microsoft Sway"|"66A86EEA575560E8"|"MY PG SERVICES"|""|"legal (M.Medina) aligned to consider the old iRisk assessment valid. Old iRisk: https://pgone.sharepoint.com/:f:/r/sites/gbsitriskmgmt/Shared%20Documents/3.%20iRisk/2.%20iRisk%20Archives/0.%20Archived%20iRisk%20Assessments/Office%20365?csf=1&e=mMXJWa"|"2019-04-17 00:00:00"|"M. Mahieu"
"Microsoft OneDrive Online"|"66A86F6857556124"|"MY PG SERVICES"|""|"legal (M.Medina) aligned to consider the old iRisk assessment valid. Old iRisk: https://pgone.sharepoint.com/:f:/r/sites/gbsitriskmgmt/Shared%20Documents/3.%20iRisk/2.%20iRisk%20Archives/0.%20Archived%20iRisk%20Assessments/Office%20365?csf=1&e=mMXJWa"|"2019-04-17 00:00:00"|"M. Mahieu"
"Microsoft Project Professional"|"7FEC96EC54119F0E"|"MY PG SERVICES"|""|"legal (M.Medina) aligned to consider the old iRisk assessment valid. Old iRisk: https://pgone.sharepoint.com/:f:/r/sites/gbsitriskmgmt/Shared%20Documents/3.%20iRisk/2.%20iRisk%20Archives/0.%20Archived%20iRisk%20Assessments/Office%20365?csf=1&e=mMXJWa"|"2019-04-17 00:00:00"|"M. Mahieu"
"Microsoft O365 - Outlook Groups"|"91A2965157C81885"|"MY PG SERVICES"|""|"legal (M.Medina) aligned to consider the old iRisk assessment valid. Old iRisk: https://pgone.sharepoint.com/:f:/r/sites/gbsitriskmgmt/Shared%20Documents/3.%20iRisk/2.%20iRisk%20Archives/0.%20Archived%20iRisk%20Assessments/Office%20365?csf=1&e=mMXJWa"|"2019-04-17 00:00:00"|"M. Mahieu"
"Microsoft Excel"|"92D799CF494A0CBD"|"MY PG SERVICES"|""|"legal (M.Medina) aligned to consider the old iRisk assessment valid. Old iRisk: https://pgone.sharepoint.com/:f:/r/sites/gbsitriskmgmt/Shared%20Documents/3.%20iRisk/2.%20iRisk%20Archives/0.%20Archived%20iRisk%20Assessments/Office%20365?csf=1&e=mMXJWa"|"2019-04-17 00:00:00"|"M. Mahieu"
"Microsoft Visio"|"B401F0DE4E1E0A71"|"MY PG SERVICES"|""|"legal (M.Medina) aligned to consider the old iRisk assessment valid. Old iRisk: https://pgone.sharepoint.com/:f:/r/sites/gbsitriskmgmt/Shared%20Documents/3.%20iRisk/2.%20iRisk%20Archives/0.%20Archived%20iRisk%20Assessments/Office%20365?csf=1&e=mMXJWa"|"2019-04-17 00:00:00"|"M. Mahieu"
"Microsoft LYNC (Phone Edition)"|"C19EC21654921181"|"MY PG SERVICES"|""|"legal (M.Medina) aligned to consider the old iRisk assessment valid. Old iRisk: https://pgone.sharepoint.com/:f:/r/sites/gbsitriskmgmt/Shared%20Documents/3.%20iRisk/2.%20iRisk%20Archives/0.%20Archived%20iRisk%20Assessments/Office%20365?csf=1&e=mMXJWa"|"2019-04-17 00:00:00"|"M. Mahieu"
"Microsoft Visio Viewer"|"C650CE89528BB03E"|"MY PG SERVICES"|""|"legal (M.Medina) aligned to consider the old iRisk assessment valid. Old iRisk: https://pgone.sharepoint.com/:f:/r/sites/gbsitriskmgmt/Shared%20Documents/3.%20iRisk/2.%20iRisk%20Archives/0.%20Archived%20iRisk%20Assessments/Office%20365?csf=1&e=mMXJWa"|"2019-04-17 00:00:00"|"M. Mahieu"
"Microsoft OneNote"|"FCAF0A32540AB724"|"MY PG SERVICES"|""|"legal (M.Medina) aligned to consider the old iRisk assessment valid. Old iRisk: https://pgone.sharepoint.com/:f:/r/sites/gbsitriskmgmt/Shared%20Documents/3.%20iRisk/2.%20iRisk%20Archives/0.%20Archived%20iRisk%20Assessments/Office%20365?csf=1&e=mMXJWa"|"2019-04-17 00:00:00"|"M. Mahieu"
"Microsoft Project"|"FCAF0AA1540AB792"|"MY PG SERVICES"|""|"legal (M.Medina) aligned to consider the old iRisk assessment valid. Old iRisk: https://pgone.sharepoint.com/:f:/r/sites/gbsitriskmgmt/Shared%20Documents/3.%20iRisk/2.%20iRisk%20Archives/0.%20Archived%20iRisk%20Assessments/Office%20365?csf=1&e=mMXJWa"|"2019-04-17 00:00:00"|"M. Mahieu"
"Microsoft O365 - Planner"|"FD780A3A5AC53BAF"|"MY PG SERVICES"|""|"legal (M.Medina) aligned to consider the old iRisk assessment valid. Old iRisk: https://pgone.sharepoint.com/:f:/r/sites/gbsitriskmgmt/Shared%20Documents/3.%20iRisk/2.%20iRisk%20Archives/0.%20Archived%20iRisk%20Assessments/Office%20365?csf=1&e=mMXJWa"|"2019-04-17 00:00:00"|"M. Mahieu"
"Outlook Web Access"|"FCAF04E5540AB591"|"MY PG SERVICES"|""|"legal (M.Medina) aligned to consider the old iRisk assessment valid. Old iRisk: https://pgone.sharepoint.com/:f:/r/sites/gbsitriskmgmt/Shared%20Documents/3.%20iRisk/2.%20iRisk%20Archives/0.%20Archived%20iRisk%20Assessments/Office%20365?csf=1&e=mMXJWa"|"2019-04-17 00:00:00"|"M. Mahieu"
"AR Cash Application & High Radius"|"EE64447857117518"|"MY PG SERVICES"|""|"Reason for exception: old iRisk completed in 2017 and approved as valid by Bob-Sheehy. Link: https://pgone.sharepoint.com/sites/gbsitriskmgmt/Shared%20Documents/Forms/AllItems.aspx?id=%2Fsites%2Fgbsitriskmgmt%2FShared%20Documents%2F3%2E%20iRisk%2F2%2E%20iRisk%20Archives%2F0%2E%20Archived%20iRisk%20Assessments%2FAR%20Cash%20Application%20%26%20High%20Radius&view=7&q=AR%20Cash%20Application%20%26%20High%20Radius"|"2019-05-08 00:00:00"|"Joan Hung"
