incident_number,count
TIX00410620,1
TIX00608671,1
TIX00610436,1
TIX00601622,1
TIX00615279,1
TIX00322961,14
TIX00387590,8
TIX00372716,4
TIX00402672,1
TIX00373140,1
TIX00324320,1
TIX00592545,17
TIX00391512,1
TIX00345459,1
TIX00553133,3
TIX00381006,3
TIX00392295,1
TIX00314141,1
TIX00391368,1
TIX00328215,4
TIX00440404,1
TIX00501111,1
TIX00512920,1
TIX00379015,1
TIX00375305,16
TIX00576096,1
TIX00320280,1
TIX00419248,1
TIX00404003,1
TIX00348140,5
TIX00347273,1
TIX00363634,1
TIX00326557,1
TIX00624412,1
TIX00387040,1
TIX00556491,2
TIX00579776,1
TIX00416294,1
TIX00536608,1
TIX00385474,1
TIX00383939,1
TIX00595798,1
TIX00369881,1
TIX00375060,1
TIX00533508,2
TIX00350171,1
TIX00515042,1
TIX00522256,1
TIX00590678,1
TIX00564913,1
TIX00388377,1
TIX00599855,1
TIX00534247,1
TIX00406102,1
TIX00452966,1
TIX00543292,1
TIX00554757,1
TIX00414293,1
TIX00365925,1
TIX00375198,1
TIX00596220,1
TIX00350517,1
TIX00527542,1
TIX00365767,1
TIX00505316,4
TIX00539314,1
TIX00602197,1
TIX00375238,2
TIX00563607,1
TIX00342405,1
TIX00449035,1
TIX00534782,1
TIX00503920,1
TIX00539960,1
TIX00587426,3
TIX00586552,1
TIX00376484,1
TIX00611071,1
TIX00389779,1
TIX00393691,1
TIX00407390,1
TIX00350508,2
TIX00449414,1
TIX00595826,1
TIX00595315,1
TIX00330732,1
TIX00378247,1
TIX00382177,1
TIX00331173,1
TIX00513067,5
TIX00596243,1
TIX00587308,1
TIX00515083,1
TIX00622187,1
TIX00591401,2
TIX00620912,1
TIX00449230,1
TIX00585248,1
TIX00410333,1
TIX00420402,2
TIX00328181,1
TIX00555336,4
TIX00364961,2
TIX00364459,1
TIX00596825,1
TIX00552554,1
TIX00508402,1
TIX00613230,1
TIX00387350,1
TIX00333643,2
TIX00530750,1
TIX00537730,1
TIX00595563,1
TIX00441458,4
TIX00537258,1
TIX00564952,1
TIX00568520,1
TIX00363790,1
TIX00610100,1
TIX00331562,143
TIX00322269,2
TIX00560754,1
TIX00454955,1
TIX00375426,1
TIX00565404,2
TIX00568402,1
TIX00356956,2
TIX00418761,1
TIX00327353,1
TIX00503816,3
TIX00589846,1
TIX00399267,2
TIX00382904,1
TIX00586966,1
TIX00607955,1
TIX00411862,1
TIX00612052,1
TIX00448087,1
TIX00439735,1
TIX00394276,1
TIX00545267,1
TIX00594648,1
TIX00565842,1
TIX00544501,4
TIX00585439,1
TIX00571049,1
TIX00508308,1
TIX00584524,1
TIX00577994,1
TIX00323181,1
TIX00437303,1
TIX00339568,1
TIX00397815,1
TIX00353699,1
TIX00440181,1
TIX00404497,1
TIX00355836,1
TIX00550377,1
TIX00377377,1
TIX00331403,1
TIX00611183,1
TIX00562944,1
TIX00377315,1
TIX00543910,1
TIX00619472,1
TIX00388881,1
TIX00562924,1
TIX00505089,1
TIX00524624,1
TIX00540735,1
TIX00576545,1
TIX00540226,1
TIX00540321,1
TIX00326822,1
TIX00586021,3
TIX00399683,1
TIX00455469,1
TIX00356951,3
TIX00371411,1
TIX00511325,2
TIX00381222,1
TIX00353981,2
TIX00335238,1
TIX00342444,1
TIX00326453,1
TIX00323143,2
TIX00349232,1
TIX00336070,1
TIX00585818,1
TIX00326416,1
TIX00616154,1
TIX00521490,1
TIX00605313,1
TIX00521654,1
TIX00521832,1
TIX00343657,1
TIX00569832,4
TIX00390275,1
TIX00616741,1
TIX00570291,1
TIX00505192,1
TIX00601830,1
TIX00337615,1
TIX00356197,1
TIX00370119,1
TIX00577152,1
TIX00541039,1
TIX00533977,1
TIX00564232,1
TIX00555870,1
TIX00358259,1
TIX00319609,1
TIX00511509,1
TIX00397929,1
TIX00371717,1
TIX00551061,1
TIX00604003,1
TIX00566878,1
TIX00606035,2
TIX00595885,1
TIX00351613,1
TIX00597234,5
TIX00369904,1
TIX00350032,1
TIX00571375,1
TIX00407600,1
TIX00458231,1
TIX00521732,1
TIX00322595,1
TIX00512744,1
TIX00605967,1
TIX00587003,1
TIX00612852,1
TIX00318115,1
TIX00419159,2
TIX00402930,1
TIX00455854,1
TIX00419938,1
TIX00424979,3
TIX00599943,1
TIX00580456,1
TIX00371470,1
TIX00438083,1
TIX00553593,1
TIX00573893,1
TIX00437082,2
TIX00410230,1
TIX00597175,1
TIX00402740,1
TIX00378686,1
TIX00352265,1
TIX00529615,1
TIX00522819,6
TIX00542669,1
TIX00506702,1
TIX00566862,3
TIX00565572,1
TIX00593164,1
TIX00589487,1
TIX00568634,1
TIX00345759,5
TIX00370413,1
TIX00438593,1
TIX00345546,1
TIX00567210,1
TIX00434069,4
TIX00516055,1
TIX00399078,1
TIX00437220,2
TIX00581704,1
TIX00582172,3
TIX00445561,1
TIX00533274,1
TIX00517553,1
TIX00559379,1
TIX00400355,1
TIX00457454,1
TIX00394002,1
TIX00588870,13
TIX00355729,1
TIX00569029,1
TIX00324501,1
TIX00350289,1
TIX00366631,7
TIX00416586,2
TIX00445531,1
TIX00427105,1
TIX00342365,1
TIX00591435,1
TIX00387941,1
TIX00525710,2
TIX00322585,1
TIX00552504,1
TIX00512221,1
TIX00334803,1
TIX00542630,1
TIX00344752,1
TIX00508977,1
TIX00522271,1
TIX00402125,1
TIX00619532,1
TIX00579574,1
TIX00320140,1
TIX00413483,3
TIX00380583,1
TIX00425466,1
TIX00326192,1
TIX00442094,2
TIX00593793,2
TIX00450595,1
TIX00335990,1
TIX00353092,1
TIX00355726,1
TIX00584678,1
TIX00424581,2
TIX00566160,1
TIX00445716,2
TIX00323629,2
TIX00418169,1
TIX00546716,8
TIX00406216,3
TIX00564933,1
TIX00440321,1
TIX00344744,1
TIX00501805,1
TIX00362479,1
TIX00605400,1
TIX00534450,1
TIX00602402,1
TIX00573084,2
TIX00421799,5
TIX00609697,2
TIX00505716,1
TIX00383249,9
TIX00349766,1
TIX00335729,24
TIX00412787,1
TIX00361563,1
TIX00444813,1
TIX00422978,1
TIX00565292,1
TIX00621496,1
TIX00568214,1
TIX00553530,1
TIX00564695,1
TIX00395429,1
TIX00375047,1
TIX00580780,1
TIX00545276,1
TIX00357021,4
TIX00589278,1
TIX00336053,2
TIX00518391,1
TIX00434554,1
TIX00599178,1
TIX00550070,1
TIX00565771,2
TIX00428018,2
TIX00433291,1
TIX00573278,1
TIX00562290,2
TIX00422910,8
TIX00569956,1
TIX00374952,2
TIX00456843,1
TIX00350617,2
TIX00581036,2
TIX00435753,1
TIX00398790,1
TIX00586421,1
TIX00421171,1
TIX00392603,2
TIX00612825,2
TIX00509384,1
TIX00544733,1
TIX00599850,1
TIX00333001,1
TIX00514769,1
TIX00434481,1
TIX00501895,10
TIX00525719,3
TIX00556034,1
TIX00327815,2
TIX00436870,1
TIX00509722,1
TIX00583120,1
TIX00335996,1
TIX00558938,1
TIX00393997,1
TIX00601695,1
TIX00357557,1
TIX00328744,1
TIX00535864,1
TIX00617457,1
TIX00337702,1
TIX00595578,8
TIX00504825,1
TIX00537852,1
TIX00604743,1
TIX00521744,1
TIX00516059,1
TIX00378110,2
TIX00624927,1
TIX00524356,1
TIX00527562,1
TIX00613935,1
TIX00506997,1
TIX00454856,1
TIX00336159,1
TIX00342966,1
TIX00512586,1
TIX00546367,1
TIX00548840,1
TIX00504532,6
TIX00431031,4
TIX00391996,1
TIX00394656,1
TIX00509650,1
TIX00399940,2
TIX00522517,12
TIX00337324,1
TIX00545728,1
TIX00524588,1
TIX00336161,1
TIX00342941,2
TIX00432297,1
TIX00342357,1
TIX00532151,1
TIX00324439,1
TIX00310776,1
TIX00347288,1
TIX00402820,1
TIX00588068,1
TIX00511417,1
TIX00617082,2
TIX00584762,1
TIX00565582,1
TIX00439876,1
TIX00390319,1
TIX00446914,1
TIX00574520,1
TIX00520602,2
TIX00525222,1
TIX00428652,1
TIX00556165,1
TIX00407875,1
TIX00611987,3
TIX00559392,1
TIX00579602,1
TIX00388964,1
TIX00521704,1
TIX00364099,2
TIX00572795,1
TIX00596919,1
TIX00375296,2
TIX00568074,1
TIX00540998,2
TIX00450987,1
TIX00611551,1
TIX00420372,1
TIX00341048,1
TIX00361135,1
TIX00550793,1
TIX00530990,1
TIX00398722,2
TIX00372093,2
TIX00592687,1
TIX00358011,1
TIX00393518,1
TIX00356851,1
TIX00440973,2
TIX00379436,1
TIX00424636,1
TIX00522388,1
TIX00622239,1
TIX00342538,1
TIX00543755,1
TIX00558295,1
TIX00435595,1
TIX00527786,1
TIX00556652,1
TIX00568852,2
TIX00420535,1
TIX00598017,1
TIX00522670,1
TIX00604371,2
TIX00341524,1
TIX00329973,1
TIX00578836,1
TIX00447958,1
TIX00600458,1
TIX00437553,9
TIX00411339,1
TIX00598490,1
TIX00584721,1
TIX00357326,1
TIX00534171,1
TIX00389476,1
TIX00538194,2
TIX00338846,1
TIX00432421,6
TIX00373244,1
TIX00521085,1
TIX00567722,1
TIX00369091,1
TIX00514647,1
TIX00587063,1
TIX00585185,1
TIX00544399,1
TIX00332258,1
TIX00573531,2
TIX00442394,1
TIX00569629,1
TIX00441324,4
TIX00364393,1
TIX00599529,1
TIX00452537,1
TIX00500966,1
TIX00451070,2
TIX00349595,2
TIX00456416,1
TIX00606187,1
TIX00438019,1
TIX00424608,1
TIX00554590,5
TIX00429509,1
TIX00403868,1
TIX00422257,1
TIX00554512,1
TIX00454232,1
TIX00381171,1
TIX00512653,1
TIX00546681,1
TIX00556333,1
TIX00535619,1
TIX00448003,2
TIX00385836,1
TIX00374882,1
TIX00534436,1
TIX00458462,1
TIX00402400,2
TIX00388424,1
TIX00381081,1
TIX00533749,1
TIX00399912,1
TIX00551593,1
TIX00424562,1
TIX00559089,2
TIX00278463,1
TIX00576217,1
TIX00557044,1
TIX00612046,1
TIX00534279,1
TIX00376712,1
TIX00563279,1
TIX00522464,4
TIX00552690,1
TIX00619442,1
TIX00384547,1
TIX00331703,1
TIX00508122,1
TIX00619756,1
TIX00432862,2
TIX00601158,1
TIX00559349,1
TIX00334968,1
TIX00526306,2
TIX00562128,1
TIX00433794,1
TIX00406506,1
TIX00328373,1
TIX00519989,1
TIX00616959,1
TIX00554610,1
TIX00610748,1
TIX00338830,1
TIX00363336,1
TIX00378582,1
TIX00398725,4
TIX00513572,1
TIX00527547,1
TIX00343674,1
TIX00610828,2
TIX00501472,4
TIX00504272,1
TIX00324626,1
TIX00523193,8
TIX00560593,2
TIX00386620,2
TIX00418059,1
TIX00571112,2
TIX00604052,1
TIX00363852,1
TIX00450127,1
TIX00547120,1
TIX00558881,1
TIX00378427,1
TIX00551658,1
TIX00444767,1
TIX00324902,1
TIX00589847,1
TIX00574605,1
TIX00590461,1
TIX00568381,1
TIX00314840,1
TIX00544549,1
TIX00454255,2
TIX00569913,2
TIX00412392,1
TIX00454021,1
TIX00588332,2
TIX00436728,1
TIX00508082,1
TIX00336205,1
TIX00342719,11
TIX00521601,1
TIX00326735,1
TIX00333901,1
TIX00559500,6
TIX00375035,1
TIX00396242,4
TIX00594231,1
TIX00554614,2
TIX00589886,1
TIX00586071,1
TIX00552332,1
TIX00440783,1
TIX00574771,1
TIX00330357,1
TIX00535509,1
TIX00507312,1
TIX00543796,1
TIX00569467,2
TIX00551510,2
TIX00504438,1
TIX00521476,1
TIX00575664,14
TIX00415903,5
TIX00503328,1
TIX00321449,1
TIX00568682,1
TIX00527231,1
TIX00560068,1
TIX00533870,1
TIX00324751,2
TIX00509908,1
TIX00456888,3
TIX00539931,1
TIX00379209,1
TIX00453936,1
TIX00409998,1
TIX00361260,1
TIX00575684,1
TIX00502965,1
TIX00453697,1
TIX00451303,1
TIX00397583,12
TIX00533105,1
TIX00362115,2
TIX00375661,1
TIX00413780,1
TIX00513952,2
TIX00507083,2
TIX00449376,1
TIX00410471,1
TIX00420101,1
TIX00569062,1
TIX00404937,14
TIX00622384,2
TIX00623824,2
TIX00521493,2
TIX00421796,1
TIX00384197,1
TIX00605558,1
TIX00359492,1
TIX00598463,1
TIX00617716,1
TIX00398312,1
TIX00448897,1
TIX00322515,1
TIX00536672,1
TIX00372692,1
TIX00555050,1
TIX00377214,1
TIX00331791,1
TIX00387636,1
TIX00504866,1
TIX00373651,1
TIX00398872,1
TIX00345739,3
TIX00374891,1
TIX00404624,1
TIX00416734,1
TIX00514023,4
TIX00370094,1
TIX00364481,1
TIX00375098,2
TIX00349541,1
TIX00335930,1
TIX00500921,1
TIX00440214,1
TIX00398963,1
TIX00380254,1
TIX00584944,1
TIX00545114,1
TIX00521945,1
TIX00374271,4
TIX00353323,1
TIX00376058,1
TIX00389204,1
TIX00357428,1
TIX00582919,1
TIX00611968,1
TIX00553995,1
TIX00345774,1
TIX00378001,10
TIX00454284,1
TIX00442111,1
TIX00448158,1
TIX00613617,1
TIX00420819,2
TIX00408063,3
TIX00366868,1
TIX00552797,2
TIX00551709,1
TIX00609330,2
TIX00606538,1
TIX00383454,1
TIX00455704,2
TIX00362974,1
TIX00619313,1
TIX00347623,1
TIX00575596,1
TIX00337252,1
TIX00398681,1
TIX00423557,1
TIX00510930,1
TIX00411769,1
TIX00428062,1
TIX00377504,1
TIX00326816,1
TIX00322570,1
TIX00333645,1
TIX00500977,1
TIX00442596,1
TIX00544371,1
TIX00390281,1
TIX00624338,1
TIX00401929,1
TIX00506913,1
TIX00513798,1
TIX00594034,1
TIX00538382,1
TIX00601057,1
TIX00559464,1
TIX00536842,1
TIX00605327,2
TIX00391484,1
TIX00568204,1
TIX00417560,1
TIX00589091,1
TIX00456644,1
TIX00368917,4
TIX00524617,1
TIX00410343,1
TIX00363494,1
TIX00590832,1
TIX00415686,1
TIX00510837,1
TIX00324084,1
TIX00396349,6
TIX00523313,7
TIX00381146,1
TIX00535186,1
TIX00540023,1
TIX00620308,1
TIX00370056,1
TIX00588679,1
TIX00338264,1
TIX00322714,1
TIX00405957,1
TIX00551706,1
TIX00511783,1
TIX00343368,1
TIX00400518,1
TIX00579899,1
TIX00589777,1
TIX00512761,1
TIX00564999,6
TIX00322311,1
TIX00320220,2
TIX00618055,1
TIX00594865,2
TIX00348155,1
TIX00448896,2
TIX00617491,1
TIX00522539,2
TIX00382948,1
TIX00327129,1
TIX00429036,1
TIX00581858,1
TIX00523472,1
TIX00511285,1
TIX00513923,1
TIX00568934,1
TIX00354758,1
TIX00613710,1
TIX00621593,1
TIX00308161,1
TIX00440059,1
TIX00398615,1
TIX00440594,7
TIX00549780,1
TIX00333612,1
TIX00525433,1
TIX00611735,1
TIX00398730,1
TIX00571868,2
TIX00416141,1
TIX00357835,26
TIX00552883,1
TIX00388607,1
TIX00531662,1
TIX00394676,1
TIX00435666,1
TIX00521783,1
TIX00519004,1
TIX00576788,1
TIX00601468,1
TIX00524015,1
TIX00543475,2
TIX00568308,1
TIX00504207,2
TIX00445960,1
TIX00359405,1
TIX00564699,1
TIX00508994,2
TIX00395269,10
TIX00412368,2
TIX00535137,1
TIX00544716,1
TIX00619399,1
TIX00319305,1
TIX00452112,1
TIX00609264,1
TIX00435368,1
TIX00567583,1
TIX00598213,1
TIX00537062,1
TIX00401062,1
TIX00395420,1
TIX00330641,1
TIX00536064,1
TIX00524055,1
TIX00458302,2
TIX00504722,1
TIX00506174,1
TIX00382169,1
TIX00544149,1
TIX00615251,1
TIX00604848,1
TIX00609892,1
TIX00564602,1
TIX00525990,1
TIX00389651,1
TIX00622906,1
TIX00446800,1
TIX00380264,1
TIX00339734,1
TIX00536463,1
TIX00551195,1
TIX00531886,3
TIX00593617,1
TIX00523447,1
TIX00352214,1
TIX00611626,1
TIX00398272,1
TIX00399233,1
TIX00549193,1
TIX00579267,1
TIX00370419,1
TIX00539436,1
TIX00518565,1
TIX00324051,1
TIX00575083,1
TIX00528266,1
TIX00384316,1
TIX00621174,1
TIX00612001,1
TIX00605215,2
TIX00600030,1
TIX00395431,3
TIX00449982,1
TIX00318678,1
TIX00443340,1
TIX00523508,1
TIX00361013,1
TIX00559093,1
TIX00616621,1
TIX00360516,1
TIX00359116,1
TIX00388385,1
TIX00356757,1
TIX00398600,1
TIX00407099,1
TIX00597678,1
TIX00620089,1
TIX00453685,1
TIX00577490,1
TIX00534389,1
TIX00550166,1
TIX00333642,1
TIX00603485,1
TIX00622409,1
TIX00532414,1
TIX00366362,1
TIX00559965,1
TIX00607566,1
TIX00565715,1
TIX00614043,1
TIX00413561,1
TIX00560379,1
TIX00333691,1
TIX00399542,1
TIX00351313,1
TIX00410258,1
TIX00435880,1
TIX00372718,3
TIX00542102,2
TIX00611093,1
TIX00395496,1
TIX00438078,1
TIX00569536,1
TIX00447989,1
TIX00609182,1
TIX00328715,1
TIX00589692,1
TIX00425657,1
TIX00522847,1
TIX00410365,1
TIX00432701,1
TIX00578576,1
TIX00414841,1
TIX00355515,1
TIX00616533,1
TIX00387232,1
TIX00409234,2
TIX00399922,2
TIX00597082,1
TIX00534093,2
TIX00549649,3
TIX00567647,1
TIX00533709,1
TIX00539044,1
TIX00614044,1
TIX00450812,1
TIX00443480,1
TIX00517539,3
TIX00551316,1
TIX00457670,1
TIX00410796,1
TIX00520596,1
TIX00328801,1
TIX00326075,3
TIX00607634,11
TIX00510812,1
TIX00432754,1
TIX00575950,1
TIX00527907,6
TIX00372865,1
TIX00601367,1
TIX00369061,1
TIX00377272,1
TIX00338488,1
TIX00599998,1
TIX00164164,1
TIX00398385,2
TIX00436309,1
TIX00565768,1
TIX00443879,1
TIX00580988,2
TIX00524766,1
TIX00622114,1
TIX00607193,1
TIX00421518,1
TIX00433683,1
TIX00548453,1
TIX00360066,1
TIX00606657,1
TIX00340074,1
TIX00588779,1
TIX00529453,1
TIX00332439,1
TIX00318507,1
TIX00414049,1
TIX00324985,1
TIX00607263,1
TIX00432634,1
TIX00585005,1
TIX00364970,1
TIX00572835,1
TIX00373487,2
TIX00591028,1
TIX00603712,1
TIX00347688,1
TIX00525070,1
TIX00618252,1
TIX00428590,1
TIX00544979,4
TIX00338717,1
TIX00341372,1
TIX00570343,9
TIX00508878,1
TIX00541973,1
TIX00614215,1
TIX00420748,3
TIX00520655,1
TIX00379188,1
TIX00510207,1
TIX00608486,6
TIX00503093,1
TIX00402107,2
TIX00319617,1
TIX00619459,1
TIX00326779,1
TIX00599486,1
TIX00329873,3
TIX00456162,3
TIX00438971,2
TIX00623165,1
TIX00527071,1
TIX00419952,1
TIX00598758,1
TIX00413467,1
TIX00435625,1
TIX00532054,1
TIX00582569,2
TIX00346664,1
TIX00554601,1
TIX00583990,1
TIX00520852,1
TIX00619264,1
TIX00346212,1
TIX00445208,1
TIX00510809,1
TIX00575190,1
TIX00520304,2
TIX00428469,1
TIX00622116,6
TIX00415174,1
TIX00437925,1
TIX00384329,10
TIX00523017,1
TIX00606807,1
TIX00570857,1
TIX00597734,1
TIX00520969,1
TIX00565171,1
TIX00567036,1
TIX00346950,1
TIX00333874,1
TIX00582974,1
TIX00551382,1
TIX00386852,1
TIX00413870,1
TIX00400149,5
TIX00338255,1
TIX00563087,1
TIX00567550,1
TIX00358675,1
TIX00534504,1
TIX00458034,1
TIX00400593,1
TIX00384294,1
TIX00613316,1
TIX00318693,3
TIX00357735,1
TIX00398035,1
TIX00617959,1
TIX00444766,1
TIX00594440,3
TIX00438448,1
TIX00613439,1
TIX00597077,1
TIX00566342,2
TIX00456658,2
TIX00590764,1
TIX00402302,1
TIX00337886,2
TIX00600226,1
TIX00558092,1
TIX00361579,1
TIX00336957,1
TIX00415388,1
TIX00542791,1
TIX00364535,1
TIX00552716,1
TIX00379748,1
TIX00548861,3
TIX00587225,1
TIX00574830,2
TIX00328778,1
TIX00545707,2
TIX00418937,1
TIX00424796,1
TIX00455177,1
TIX00448595,4
TIX00368885,1
TIX00320616,1
TIX00438051,2
TIX00511461,2
TIX00533665,1
TIX00448805,1
TIX00406275,1
TIX00422062,1
TIX00457618,1
TIX00365649,3
TIX00334005,1
TIX00618857,1
TIX00395644,7
TIX00340065,1
TIX00569106,1
TIX00360043,1
TIX00603577,1
TIX00361682,1
TIX00618865,1
TIX00551130,1
TIX00511790,1
TIX00354471,1
TIX00374057,1
TIX00371718,1
TIX00562685,1
TIX00406144,1
TIX00446206,1
TIX00322960,1
TIX00355864,1
TIX00523787,1
TIX00617950,1
TIX00347283,1
TIX00583848,1
TIX00556012,1
TIX00610934,2
TIX00547897,1
TIX00340575,2
TIX00402560,6
TIX00333750,1
TIX00584754,3
TIX00455347,1
TIX00325430,1
TIX00352330,1
TIX00598426,1
TIX00503855,1
TIX00372713,3
TIX00348166,1
TIX00595720,1
TIX00592723,1
TIX00351004,1
TIX00448937,1
TIX00592176,1
TIX00371457,1
TIX00556157,3
TIX00505891,1
TIX00423644,1
TIX00579740,1
TIX00611828,1
TIX00392478,2
TIX00601492,12
TIX00356752,1
TIX00608083,1
TIX00549947,2
TIX00572574,1
TIX00422423,1
TIX00353229,1
TIX00529267,1
TIX00328910,1
TIX00579062,1
TIX00541512,2
TIX00524778,1
TIX00413155,1
TIX00439455,1
TIX00588531,1
TIX00418646,1
TIX00572290,1
TIX00324917,1
TIX00329552,1
TIX00318821,1
TIX00505624,1
TIX00524418,1
TIX00405940,1
TIX00528992,1
TIX00399164,1
TIX00607835,1
TIX00326982,1
TIX00510773,1
TIX00504101,1
TIX00404399,1
TIX00377858,3
TIX00442937,3
TIX00606135,1
TIX00334019,1
TIX00345421,3
TIX00593632,1
TIX00525824,1
TIX00424156,2
TIX00391325,1
TIX00384025,1
TIX00583246,1
TIX00398541,1
TIX00445330,1
TIX00552341,1
TIX00524053,1
TIX00326989,1
TIX00353866,1
TIX00619598,1
TIX00424665,1
TIX00585609,1
TIX00595413,2
TIX00532965,1
TIX00606631,1
TIX00342700,1
TIX00365385,1
TIX00528210,1
TIX00574945,1
TIX00450622,1
TIX00600789,1
TIX00420849,4
TIX00624695,5
TIX00603060,2
TIX00524850,1
TIX00622545,1
TIX00532571,5
TIX00343487,1
TIX00192165,1
TIX00518105,1
TIX00339557,1
TIX00355798,1
TIX00609507,1
TIX00624409,1
TIX00612234,1
TIX00425733,1
TIX00364232,1
TIX00389535,1
TIX00407844,1
TIX00545644,1
TIX00351168,3
TIX00353222,1
TIX00399794,1
TIX00502578,1
TIX00584857,1
TIX00515584,1
TIX00336864,2
TIX00600803,5
TIX00406861,1
TIX00326549,1
TIX00523123,1
TIX00418835,1
TIX00409625,1
TIX00542585,1
TIX00536749,1
TIX00404893,1
TIX00442794,1
TIX00577573,2
TIX00388654,1
TIX00408147,1
TIX00387446,1
TIX00557034,3
TIX00393473,1
TIX00447945,1
TIX00381598,1
TIX00375877,4
TIX00576502,1
TIX00340255,1
TIX00321712,1
TIX00597906,1
TIX00438565,1
TIX00392506,1
TIX00424821,2
TIX00566378,1
TIX00325053,3
TIX00367871,1
TIX00375660,1
TIX00455761,1
TIX00552933,1
TIX00403571,2
TIX00354223,1
TIX00509385,1
TIX00357250,1
TIX00542007,6
TIX00523721,1
TIX00578696,2
TIX00381205,1
TIX00342254,2
TIX00444368,1
TIX00543685,1
TIX00568267,1
TIX00361655,1
TIX00321838,2
TIX00601344,1
TIX00388037,1
TIX00559461,1
TIX00426341,1
TIX00449237,1
TIX00321067,1
TIX00408176,1
TIX00601705,3
TIX00414959,1
TIX00380648,1
TIX00609899,2
TIX00351993,1
TIX00341158,1
TIX00433526,1
TIX00339209,2
TIX00515198,1
TIX00540824,1
TIX00446499,1
TIX00619187,1
TIX00410909,1
TIX00367653,3
TIX00324882,1
TIX00386160,8
TIX00284493,1
TIX00362864,1
TIX00563711,1
TIX00534691,1
TIX00571740,1
TIX00369929,1
TIX00536750,1
TIX00403689,4
TIX00531460,1
TIX00513662,1
TIX00457825,1
TIX00449331,1
TIX00563528,1
TIX00566025,5
TIX00546134,1
TIX00381504,2
TIX00595446,3
TIX00593113,1
TIX00328975,1
TIX00377908,1
TIX00439084,3
TIX00523628,2
TIX00359967,1
TIX00342194,1
TIX00602999,1
TIX00508405,1
TIX00434441,1
TIX00588040,1
TIX00450984,1
TIX00615355,1
TIX00596269,1
TIX00389524,1
TIX00347439,1
TIX00621201,4
TIX00418405,1
TIX00617468,1
TIX00450273,1
TIX00616316,1
TIX00567291,1
TIX00541221,1
TIX00452482,1
TIX00550417,1
TIX00432994,1
TIX00516898,1
TIX00616149,1
TIX00380094,1
TIX00389250,3
TIX00603122,1
TIX00359048,3
TIX00345040,1
TIX00510279,1
TIX00357402,1
TIX00320356,1
TIX00298455,1
TIX00419020,1
TIX00574982,1
TIX00576852,1
TIX00325889,1
TIX00386644,1
TIX00416630,1
TIX00356437,2
TIX00568587,1
TIX00342911,1
TIX00587944,1
TIX00533602,1
TIX00391485,1
TIX00513926,1
TIX00556593,1
TIX00601634,1
TIX00511054,1
TIX00509978,1
TIX00452296,1
TIX00573811,1
TIX00572625,1
TIX00345085,5
TIX00555077,1
TIX00564828,1
TIX00570079,1
TIX00322303,1
TIX00334474,4
TIX00570521,1
TIX00555569,1
TIX00441258,1
TIX00586226,3
TIX00353510,1
TIX00535371,1
TIX00405684,1
TIX00311933,1
TIX00348321,2
TIX00432844,1
TIX00410541,2
TIX00322637,1
TIX00510885,1
TIX00548837,1
TIX00364600,1
TIX00388712,1
TIX00317746,1
TIX00426319,1
TIX00458235,1
TIX00580125,1
TIX00379835,1
TIX00366734,1
TIX00441704,3
TIX00559885,3
TIX00589050,1
TIX00329419,1
TIX00320564,1
TIX00617058,1
TIX00393575,1
TIX00400425,2
TIX00335198,1
TIX00552435,1
TIX00616178,3
TIX00357065,1
TIX00582878,1
TIX00606663,1
TIX00611234,1
TIX00524823,2
TIX00401502,1
TIX00408443,1
TIX00400385,1
TIX00399011,3
TIX00557771,1
TIX00589724,4
TIX00370503,1
TIX00344745,2
TIX00256953,1
TIX00437547,1
TIX00431586,1
TIX00539309,1
TIX00370215,1
TIX00441010,3
TIX00334021,1
TIX00403047,1
TIX00576242,1
TIX00432288,1
TIX00536130,1
TIX00422390,1
TIX00559830,1
TIX00546794,1
TIX00603409,1
TIX00600209,1
TIX00350097,1
TIX00344760,1
TIX00344905,5
TIX00351614,2
TIX00371174,1
TIX00536061,1
TIX00513349,2
TIX00379693,2
TIX00351977,1
TIX00458458,1
TIX00389229,1
TIX00436028,1
TIX00331297,1
TIX00403714,1
TIX00592918,2
TIX00532580,2
TIX00569561,1
TIX00564694,1
TIX00429812,1
TIX00321125,1
TIX00393255,8
TIX00563441,1
TIX00546406,1
TIX00396306,1
TIX00529726,4
TIX00335336,1
TIX00330119,1
TIX00399838,1
TIX00434459,1
TIX00424092,1
TIX00349109,1
TIX00395796,3
TIX00355266,1
TIX00532267,1
TIX00551163,1
TIX00416291,1
TIX00360997,1
TIX00326593,1
TIX00534441,1
TIX00394799,1
TIX00341391,1
TIX00371816,1
TIX00438541,3
TIX00408726,1
TIX00445186,1
TIX00320137,1
TIX00388368,2
TIX00419765,2
TIX00570866,1
TIX00613519,1
TIX00624769,1
TIX00419822,1
TIX00450530,1
TIX00576469,1
TIX00544757,1
TIX00335378,1
TIX00616044,1
TIX00355894,1
TIX00529477,4
TIX00573486,1
TIX00419829,1
TIX00339846,1
TIX00570160,1
TIX00455359,1
TIX00447773,1
TIX00621065,1
TIX00386596,1
TIX00289947,1
TIX00532439,1
TIX00519071,1
TIX00509268,1
TIX00378163,1
TIX00577395,2
TIX00417050,1
TIX00377235,2
TIX00332888,1
TIX00441165,1
TIX00405539,1
TIX00574701,1
TIX00522275,1
TIX00315000,1
TIX00355774,1
TIX00396619,1
TIX00442496,1
TIX00333031,2
TIX00425209,1
TIX00386312,1
TIX00503404,3
TIX00391978,1
TIX00312683,1
TIX00582504,1
TIX00370507,1
TIX00356918,1
TIX00500437,1
TIX00542782,1
TIX00571742,1
TIX00521983,1
TIX00527348,1
TIX00365584,1
TIX00434486,9
TIX00371405,1
TIX00597979,1
TIX00320841,1
TIX00590186,1
TIX00433366,1
TIX00398751,1
TIX00595193,1
TIX00381554,1
TIX00438601,1
TIX00590755,3
TIX00585537,1
TIX00532567,1
TIX00420511,3
TIX00613969,1
TIX00521890,1
TIX00359846,1
TIX00407170,6
TIX00380269,1
TIX00606573,1
TIX00527798,3
TIX00606818,1
TIX00614232,1
TIX00545366,1
TIX00573733,1
TIX00406360,1
TIX00355827,1
TIX00557531,1
TIX00511575,1
TIX00331279,2
TIX00512195,2
TIX00542079,1
TIX00440907,1
TIX00393460,1
TIX00585531,1
TIX00522349,1
TIX00441862,3
TIX00447357,1
TIX00565250,1
TIX00421110,1
TIX00524433,3
TIX00324331,1
TIX00337823,1
TIX00456043,1
TIX00529741,1
TIX00359055,1
TIX00595473,1
TIX00578241,2
TIX00539732,1
TIX00438263,1
TIX00415898,1
TIX00448596,1
TIX00447439,1
TIX00576364,1
TIX00435407,1
TIX00374696,1
TIX00594018,1
TIX00503524,1
TIX00384347,1
TIX00506798,1
TIX00433861,1
TIX00549487,1
TIX00606123,2
TIX00372611,1
TIX00437601,1
TIX00388191,1
TIX00506711,1
TIX00366795,1
TIX00549161,1
TIX00446202,1
TIX00575725,4
TIX00553259,2
TIX00378116,1
TIX00425846,1
TIX00553141,1
TIX00386524,6
TIX00540758,1
TIX00352222,2
TIX00327493,1
TIX00598853,1
TIX00336508,1
TIX00552791,1
TIX00383514,1
TIX00525050,1
TIX00326523,1
TIX00542858,1
TIX00351982,1
TIX00523643,1
TIX00424799,1
TIX00326685,2
TIX00523488,4
TIX00323873,1
TIX00341230,1
TIX00355682,1
TIX00429753,1
TIX00339794,1
TIX00454538,1
TIX00590649,1
TIX00426357,1
TIX00564700,1
TIX00575173,1
TIX00528620,1
TIX00519033,1
TIX00527155,1
TIX00502773,1
TIX00556574,1
TIX00547275,1
TIX00406426,1
TIX00513978,1
TIX00526454,1
TIX00572143,1
TIX00533308,1
TIX00382923,1
TIX00525216,2
TIX00550203,1
TIX00501064,1
TIX00525188,1
TIX00420371,1
TIX00543900,1
TIX00413373,1
TIX00383990,1
TIX00512076,1
TIX00414117,1
TIX00456744,4
TIX00603403,1
TIX00567025,1
TIX00591667,1
TIX00406716,2
TIX00611038,1
TIX00338339,1
TIX00379212,1
TIX00532074,2
TIX00579624,1
TIX00450051,2
TIX00573663,2
TIX00605210,3
TIX00356761,1
TIX00511437,1
TIX00586577,2
TIX00564128,1
TIX00361133,1
TIX00328728,3
TIX00598907,3
TIX00329995,1
TIX00320553,2
TIX00392165,2
TIX00619840,1
TIX00424515,1
TIX00405061,1
TIX00557527,1
TIX00367366,1
TIX00424462,1
TIX00443400,1
TIX00595116,1
TIX00611481,2
TIX00529771,1
TIX00379509,1
TIX00540378,1
TIX00342729,1
TIX00370782,1
TIX00394155,1
TIX00349417,1
TIX00421828,1
TIX00526800,1
TIX00579553,1
TIX00328907,1
TIX00406719,1
TIX00361486,1
TIX00559223,1
TIX00424498,1
TIX00587167,1
TIX00378343,23
TIX00563802,1
TIX00372077,1
TIX00358609,1
TIX00575679,2
TIX00456197,1
TIX00574935,1
TIX00402111,1
TIX00517678,1
TIX00610265,1
TIX00360871,2
TIX00617817,1
TIX00392288,1
TIX00538983,1
TIX00329628,1
TIX00572938,1
TIX00417743,1
TIX00335007,3
TIX00527558,1
TIX00355773,2
TIX00384455,6
TIX00333500,1
TIX00358614,1
TIX00434165,1
TIX00517991,1
TIX00539818,1
TIX00621633,1
TIX00545081,1
TIX00556537,2
TIX00525427,1
TIX00403739,1
TIX00329981,1
TIX00565173,1
TIX00380223,2
TIX00549877,1
TIX00113400,2
TIX00604101,3
TIX00439985,1
TIX00516582,1
TIX00524742,18
TIX00337473,2
TIX00323335,1
TIX00516320,1
TIX00621001,1
TIX00571303,2
TIX00398983,1
TIX00435477,1
TIX00522645,2
TIX00522270,1
TIX00525207,1
TIX00404053,1
TIX00570432,1
TIX00371134,1
TIX00357252,1
TIX00614142,1
TIX00522581,1
TIX00585845,1
TIX00548327,1
TIX00551640,1
TIX00335397,1
TIX00338503,1
TIX00449272,1
TIX00555334,1
TIX00424091,1
TIX00446230,1
TIX00377118,3
TIX00537340,1
TIX00445199,1
TIX00438544,2
TIX00619112,2
TIX00531997,1
TIX00446713,3
TIX00357415,1
TIX00425590,1
TIX00546749,1
TIX00531339,1
TIX00601627,1
TIX00359484,1
TIX00416297,3
TIX00451350,1
TIX00422085,1
TIX00542179,1
TIX00527162,1
TIX00321779,1
TIX00568412,1
TIX00324824,2
TIX00575821,12
TIX00441914,1
TIX00577338,13
TIX00336104,1
TIX00613430,1
TIX00601613,1
TIX00375398,18
TIX00623362,1
TIX00416057,1
TIX00568314,1
TIX00604974,1
TIX00515070,1
TIX00393761,1
TIX00420221,1
TIX00515901,1
TIX00377721,1
TIX00409893,1
TIX00572332,1
TIX00586967,1
TIX00554908,1
TIX00543193,1
TIX00387166,2
TIX00353921,1
TIX00341562,1
TIX00526673,1
TIX00601463,1
TIX00417711,18
TIX00451526,1
TIX00617492,1
TIX00546525,1
TIX00387575,7
TIX00586881,1
TIX00505310,3
TIX00456494,1
TIX00576409,1
TIX00584057,1
TIX00623309,1
TIX00361630,1
TIX00570565,4
TIX00595669,2
TIX00443584,1
TIX00616305,1
TIX00525570,2
TIX00386787,1
TIX00604188,1
TIX00362018,1
TIX00442914,1
TIX00544953,1
TIX00370935,1
TIX00371601,1
TIX00558676,2
TIX00549372,1
TIX00443629,1
TIX00600647,1
TIX00381930,1
TIX00366532,1
TIX00585110,1
TIX00390821,1
TIX00557651,1
TIX00403828,1
TIX00522264,1
TIX00342264,1
TIX00352536,31
TIX00522024,1
TIX00528574,1
TIX00429811,1
TIX00358919,2
TIX00533169,1
TIX00399209,1
TIX00558612,1
TIX00385535,1
TIX00592510,4
TIX00455816,1
TIX00357078,1
TIX00560145,1
TIX00405506,1
TIX00507143,1
TIX00329506,1
TIX00341541,1
TIX00584336,1
TIX00382014,1
TIX00348339,1
TIX00415066,1
TIX00393352,1
TIX00510546,1
TIX00553854,1
TIX00557027,1
TIX00327070,1
TIX00404081,1
TIX00368969,3
TIX00383694,1
TIX00589524,1
TIX00320810,1
TIX00342904,1
TIX00353527,1
TIX00571821,1
TIX00360143,1
TIX00432969,1
TIX00603789,1
TIX00581256,1
TIX00340261,1
TIX00610932,1
TIX00520752,2
TIX00537998,1
TIX00342654,1
TIX00563585,1
TIX00537392,2
TIX00416588,1
TIX00596303,1
TIX00378000,10
TIX00408042,1
TIX00602063,4
TIX00519531,5
TIX00547529,1
TIX00571270,2
TIX00335971,44
TIX00527606,1
TIX00321706,1
TIX00512557,5
TIX00398094,1
TIX00540792,1
TIX00356311,1
TIX00321908,1
TIX00353291,5
TIX00584761,1
TIX00395297,1
TIX00590555,1
TIX00585662,2
TIX00364294,1
TIX00524371,1
TIX00371694,3
TIX00572976,1
TIX00337716,1
TIX00381603,1
TIX00390378,1
TIX00387829,1
TIX00388291,2
TIX00379534,1
TIX00618856,1
TIX00537974,1
TIX00550000,2
TIX00357960,1
TIX00534621,1
TIX00371356,6
TIX00593345,1
TIX00585896,1
TIX00345249,2
TIX00435632,1
TIX00378934,6
TIX00589884,1
TIX00604959,2
TIX00347329,6
TIX00329302,1
TIX00568518,1
TIX00345396,1
TIX00576653,1
TIX00413679,1
TIX00576465,1
TIX00383096,1
TIX00316356,1
TIX00351802,1
TIX00596967,1
TIX00581093,1
TIX00619245,1
TIX00424731,1
TIX00587964,1
TIX00433029,1
TIX00363781,1
TIX00353573,1
TIX00422430,1
TIX00437782,1
TIX00399244,1
TIX00435795,1
TIX00368717,1
TIX00424067,1
TIX00367408,1
TIX00414338,4
TIX00326803,1
TIX00527260,1
TIX00334597,1
TIX00342294,1
TIX00420985,1
TIX00584489,7
TIX00408716,1
TIX00519601,1
TIX00401301,1
TIX00582746,1
TIX00577526,1
TIX00576379,1
TIX00442201,1
TIX00554600,1
TIX00429952,1
TIX00395856,2
TIX00369594,1
TIX00510401,1
TIX00387221,1
TIX00383436,1
TIX00526262,1
TIX00610212,1
TIX00455219,3
TIX00616042,1
TIX00558839,5
TIX00335579,1
TIX00453500,2
TIX00360967,4
TIX00416874,1
TIX00456424,1
TIX00373689,1
TIX00328313,1
TIX00606299,1
TIX00438794,1
TIX00523559,1
TIX00564697,1
TIX00412087,2
TIX00609355,1
TIX00439565,1
TIX00348937,2
TIX00392460,1
TIX00603562,1
TIX00582678,3
TIX00535880,1
TIX00500634,1
TIX00406676,1
TIX00326231,1
TIX00346389,1
TIX00523040,1
TIX00526160,1
TIX00420339,1
TIX00354825,1
TIX00567277,1
TIX00501473,1
TIX00350218,1
TIX00568536,2
TIX00337576,1
TIX00389689,1
TIX00420518,1
TIX00591192,1
TIX00569331,1
TIX00518360,1
TIX00592063,1
TIX00411907,3
TIX00452812,3
TIX00385504,1
TIX00599423,2
TIX00436491,2
TIX00409560,1
TIX00426745,1
TIX00500474,2
TIX00336199,1
TIX00441563,1
TIX00410207,3
TIX00577840,1
TIX00337098,1
TIX00553808,1
TIX00604348,2
TIX00434151,1
TIX00617073,2
TIX00612103,1
TIX00300700,2
TIX00616379,7
TIX00598915,1
TIX00582482,1
TIX00559141,1
TIX00512617,1
TIX00589986,1
TIX00400998,1
TIX00572246,1
TIX00329009,1
TIX00392171,1
TIX00453039,1
TIX00595821,1
TIX00579358,1
TIX00408475,1
TIX00370403,1
TIX00455850,1
TIX00623088,1
TIX00410346,1
TIX00316239,1
TIX00450967,1
TIX00599590,1
TIX00334483,1
TIX00374416,1
TIX00604798,1
TIX00319796,1
TIX00383691,1
TIX00524637,1
TIX00361316,1
TIX00417475,3
TIX00326530,1
TIX00428528,1
TIX00528739,1
TIX00503468,1
TIX00339653,1
TIX00608649,1
TIX00598540,1
TIX00414145,3
TIX00428835,1
TIX00348340,1
TIX00455154,1
TIX00590332,2
TIX00535032,1
TIX00572142,2
TIX00346581,1
TIX00502690,1
TIX00332913,1
TIX00533958,3
TIX00458160,1
TIX00562189,1
TIX00603207,5
TIX00446374,3
TIX00578236,23
TIX00606435,1
TIX00445852,2
TIX00606327,1
TIX00325342,1
TIX00402115,2
TIX00596086,1
TIX00611333,1
TIX00386314,1
TIX00611160,2
TIX00534547,1
TIX00443795,1
TIX00528965,1
TIX00341925,1
TIX00411832,2
TIX00429376,2
TIX00623671,1
TIX00451273,2
TIX00342101,1
TIX00532335,2
TIX00330367,1
TIX00375201,1
TIX00581359,1
TIX00606670,3
TIX00349359,1
TIX00414706,1
TIX00410215,1
TIX00535482,1
TIX00384461,7
TIX00343125,1
TIX00600849,1
TIX00523263,1
TIX00508249,1
TIX00559200,2
TIX00365512,1
TIX00447110,1
TIX00597217,1
TIX00381951,22
TIX00324016,1
TIX00330079,2
TIX00323328,1
TIX00449182,1
TIX00360255,1
TIX00434387,1
TIX00439092,1
TIX00420964,1
TIX00400416,1
TIX00614197,1
TIX00570976,1
TIX00442121,1
TIX00323910,1
TIX00368398,1
TIX00534500,2
TIX00380627,1
TIX00521706,1
TIX00621891,1
TIX00390255,1
TIX00569785,1
TIX00358168,1
TIX00346186,1
TIX00413470,2
TIX00623324,1
TIX00568000,1
TIX00348784,1
TIX00319511,3
TIX00332738,1
TIX00604545,1
TIX00564956,1
TIX00604503,1
TIX00608895,1
TIX00622710,1
TIX00404011,1
TIX00519910,1
TIX00610485,1
TIX00589538,1
TIX00359466,1
TIX00363129,1
TIX00616190,1
TIX00523911,1
TIX00325634,1
TIX00514805,42
TIX00356120,1
TIX00522370,2
TIX00447841,1
TIX00428070,3
TIX00346440,1
TIX00347401,1
TIX00433360,1
TIX00322019,5
TIX00564315,1
TIX00355480,2
TIX00401151,1
TIX00591910,1
TIX00603209,3
TIX00605571,1
TIX00406624,1
TIX00427185,3
TIX00573186,1
TIX00508428,2
TIX00436034,2
TIX00599021,1
TIX00456674,1
TIX00556674,2
TIX00561608,1
TIX00427001,1
TIX00575820,1
TIX00553853,1
TIX00453506,2
TIX00617609,1
TIX00404685,1
TIX00379160,2
TIX00437424,1
TIX00569480,1
TIX00547872,1
TIX00238290,1
TIX00341501,14
TIX00335954,2
TIX00453176,1
TIX00574307,1
TIX00275142,1
TIX00521640,1
TIX00524454,1
TIX00420702,2
TIX00328253,1
TIX00370123,1
TIX00337487,1
TIX00423014,1
TIX00375072,1
TIX00565180,1
TIX00388762,2
TIX00543145,1
TIX00391800,2
TIX00351618,1
TIX00617296,1
TIX00518761,2
TIX00433504,1
TIX00405151,1
TIX00454836,1
TIX00428929,1
TIX00507080,1
TIX00581289,1
TIX00551499,1
TIX00380346,2
TIX00596571,1
TIX00522844,1
TIX00417609,1
TIX00400582,4
TIX00551926,1
TIX00503255,1
TIX00357044,1
TIX00523641,1
TIX00545112,1
TIX00401580,1
TIX00448105,1
TIX00534448,1
TIX00372928,1
TIX00285429,1
TIX00424685,12
TIX00583865,1
TIX00386306,2
TIX00362055,2
TIX00563310,1
TIX00546414,1
TIX00523766,1
TIX00505110,1
TIX00354249,1
TIX00348061,1
TIX00378103,1
TIX00570690,1
TIX00380165,1
TIX00405094,2
TIX00436326,1
TIX00424637,1
TIX00338254,1
TIX00444578,1
TIX00377334,1
TIX00544465,1
TIX00595634,1
TIX00550768,1
TIX00581514,1
TIX00353236,1
TIX00435657,1
TIX00418843,1
TIX00573852,5
TIX00547371,1
TIX00310694,1
TIX00392941,1
TIX00602069,1
TIX00458344,1
TIX00451201,2
TIX00444094,1
TIX00589245,1
TIX00521407,1
TIX00449263,1
TIX00598445,1
TIX00387238,1
TIX00445126,1
TIX00426266,1
TIX00598334,2
TIX00525426,1
TIX00352621,1
TIX00365393,1
TIX00390498,2
TIX00528991,1
TIX00568490,1
TIX00457878,1
TIX00408700,1
TIX00390628,1
TIX00558590,1
TIX00619130,1
TIX00363680,1
TIX00572434,1
TIX00549408,1
TIX00510056,1
TIX00354517,1
TIX00527184,1
TIX00613374,1
TIX00503498,1
TIX00596600,1
TIX00551425,1
TIX00530348,1
TIX00593209,2
TIX00438254,1
TIX00416406,3
TIX00395412,1
TIX00513816,1
TIX00383952,1
TIX00440553,1
TIX00346721,1
TIX00590856,1
TIX00565747,1
TIX00321517,2
TIX00609360,1
TIX00385727,1
TIX00394028,1
TIX00337695,1
TIX00542203,9
TIX00515592,1
TIX00405504,1
TIX00373600,1
TIX00339990,1
TIX00537191,1
TIX00597585,1
TIX00610331,1
TIX00431556,1
TIX00531115,2
TIX00427003,1
TIX00283757,1
TIX00548283,1
TIX00320288,1
TIX00595894,1
TIX00350805,1
TIX00588045,1
TIX00370406,1
TIX00589403,1
TIX00616954,1
TIX00536021,1
TIX00415146,2
TIX00577701,1
TIX00210735,1
TIX00444763,1
TIX00428812,4
TIX00531853,1
TIX00402136,1
TIX00457837,1
TIX00543626,1
TIX00380724,1
TIX00330099,1
TIX00608056,1
TIX00594167,2
TIX00519034,1
TIX00616448,1
TIX00443016,1
TIX00448214,1
TIX00612176,1
TIX00578140,1
TIX00548832,1
TIX00617569,1
TIX00434890,2
TIX00619512,1
TIX00532159,1
TIX00344809,1
TIX00400912,6
TIX00396715,1
TIX00326038,1
TIX00554882,1
TIX00408863,2
TIX00369073,1
TIX00408652,2
TIX00524642,2
TIX00565480,1
TIX00373781,1
TIX00371376,1
TIX00524974,4
TIX00392734,2
TIX00366466,1
TIX00451305,1
TIX00378735,1
TIX00503787,1
TIX00441638,1
TIX00542443,1
TIX00526130,1
TIX00357594,1
TIX00527480,1
TIX00570271,1
TIX00438545,1
TIX00317867,1
TIX00369311,1
TIX00613032,1
TIX00579687,1
TIX00413204,1
TIX00535030,1
TIX00352101,2
TIX00359386,1
TIX00368237,1
TIX00616168,1
TIX00397015,1
TIX00591274,2
TIX00567246,1
TIX00525194,1
TIX00553559,1
TIX00369125,1
TIX00524819,2
TIX00347464,1
TIX00577578,1
TIX00353754,1
TIX00560634,1
TIX00565954,1
TIX00530039,1
TIX00569758,1
TIX00530326,1
TIX00571412,1
TIX00366912,1
TIX00605169,1
TIX00598732,1
TIX00353375,1
TIX00393892,1
TIX00522650,1
TIX00546173,1
TIX00513274,3
TIX00614187,6
TIX00404503,1
TIX00322078,1
TIX00501455,1
TIX00325297,1
TIX00337691,1
TIX00390317,1
TIX00572240,1
TIX00522259,2
TIX00414084,1
TIX00347208,1
TIX00363946,1
TIX00359042,1
TIX00371184,1
TIX00454755,1
TIX00569522,1
TIX00529088,1
TIX00431147,1
TIX00335735,2
TIX00611313,7
TIX00520899,1
TIX00610257,1
TIX00444840,1
TIX00527620,1
TIX00429900,9
TIX00517147,1
TIX00518453,1
TIX00352321,1
TIX00618712,1
TIX00527003,2
TIX00351616,1
TIX00406255,1
TIX00324057,1
TIX00432389,4
TIX00321807,1
TIX00524120,5
TIX00325093,1
TIX00517615,1
TIX00523867,1
TIX00408196,1
TIX00362242,6
TIX00521668,1
TIX00339447,1
TIX00523287,2
TIX00603955,1
TIX00451732,1
TIX00451139,1
TIX00541680,1
TIX00599353,1
TIX00611917,1
TIX00524497,1
TIX00606046,7
TIX00524923,1
TIX00332715,2
TIX00425232,1
TIX00531066,1
TIX00500638,7
TIX00615315,1
TIX00582309,11
TIX00619405,1
TIX00448642,1
TIX00356693,1
TIX00435177,2
TIX00405180,1
TIX00396505,11
TIX00338542,1
TIX00327513,1
TIX00338125,2
TIX00357964,1
TIX00361130,1
TIX00550852,1
TIX00439237,3
TIX00349164,1
TIX00546336,1
TIX00602581,1
TIX00560329,2
TIX00524032,1
TIX00541047,1
TIX00601827,1
TIX00322488,1
TIX00560126,1
TIX00540481,6
TIX00383269,1
TIX00574575,7
TIX00591977,1
TIX00342401,1
TIX00607625,1
TIX00424483,1
TIX00381239,1
TIX00337444,1
TIX00349425,1
TIX00552724,5
TIX00532264,1
TIX00586191,1
TIX00506515,1
TIX00601675,1
TIX00523296,1
TIX00591102,1
TIX00540683,1
TIX00532852,2
TIX00330200,1
TIX00428052,1
TIX00419669,1
TIX00571097,1
TIX00362890,1
TIX00560404,1
TIX00331531,1
TIX00395256,1
TIX00546103,1
TIX00442303,1
TIX00359038,1
TIX00445182,1
TIX00338305,1
TIX00446868,10
TIX00526341,2
TIX00506486,1
TIX00439407,2
TIX00519390,2
TIX00577791,2
TIX00560396,1
TIX00426190,1
TIX00408924,1
TIX00354556,1
TIX00410383,1
TIX00557528,5
TIX00517886,1
TIX00427379,1
TIX00323869,1
TIX00324539,1
TIX00512531,1
TIX00503355,1
TIX00371218,2
TIX00562023,2
TIX00422920,3
TIX00617230,1
TIX00538825,2
TIX00353005,1
TIX00593720,1
TIX00530106,2
TIX00328291,1
TIX00569568,2
TIX00562247,1
TIX00564480,1
TIX00400446,1
TIX00503313,2
TIX00329661,1
TIX00526981,1
TIX00594095,1
TIX00453931,1
TIX00457258,1
TIX00337710,1
TIX00354467,5
TIX00546717,3
TIX00347513,1
TIX00372105,1
TIX00570472,1
TIX00554764,1
TIX00420156,1
TIX00610749,1
TIX00430759,1
TIX00418637,4
TIX00564693,2
TIX00559110,1
TIX00393791,1
TIX00439338,1
TIX00611998,1
TIX00351979,1
TIX00505206,2
TIX00414988,1
TIX00564367,1
TIX00557343,1
TIX00504064,1
TIX00420869,1
TIX00553737,1
TIX00445325,1
TIX00320729,1
TIX00598567,1
TIX00449288,1
TIX00322874,1
TIX00520559,1
TIX00397932,1
TIX00330567,1
TIX00582774,1
TIX00557006,3
TIX00340996,1
TIX00396726,1
TIX00583214,1
TIX00583456,1
TIX00323828,1
TIX00368904,1
TIX00513404,1
TIX00543160,1
TIX00551066,3
TIX00445311,1
TIX00547614,1
TIX00365647,1
TIX00531945,1
TIX00520050,4
TIX00560919,1
TIX00511144,1
TIX00352076,1
TIX00445968,1
TIX00601906,2
TIX00589456,1
TIX00590522,1
TIX00561626,1
TIX00362045,1
TIX00307085,1
TIX00616850,1
TIX00586079,5
TIX00421690,1
TIX00554914,1
TIX00328326,1
TIX00572153,2
TIX00352031,1
TIX00373143,1
TIX00594860,1
TIX00553508,1
TIX00322565,4
TIX00614060,2
TIX00583864,1
TIX00444126,1
TIX00342286,1
TIX00591247,1
TIX00557334,1
TIX00417396,1
TIX00397778,2
TIX00501777,5
TIX00590442,1
TIX00405190,1
TIX00583876,1
TIX00372367,1
TIX00510131,1
TIX00580417,3
TIX00395494,1
TIX00516092,1
TIX00379198,18
TIX00513242,1
TIX00328733,1
TIX00346167,1
TIX00381051,1
TIX00587401,1
TIX00523364,1
TIX00528612,1
TIX00423475,1
TIX00523594,1
TIX00328348,9
TIX00549121,2
TIX00620592,2
TIX00578407,1
TIX00324871,1
TIX00408721,2
TIX00424198,1
TIX00621618,1
TIX00369350,1
TIX00450006,1
TIX00522874,18
TIX00579244,2
TIX00352429,1
TIX00444462,1
TIX00335105,2
TIX00562813,2
TIX00375014,3
TIX00413300,1
TIX00448666,3
TIX00504363,1
TIX00533711,1
TIX00505319,1
TIX00600663,1
TIX00617547,2
TIX00401961,1
TIX00548737,1
TIX00614897,1
TIX00447342,1
TIX00453607,1
TIX00419853,1
TIX00414678,1
TIX00357696,1
TIX00525362,1
TIX00363564,1
TIX00604254,1
TIX00374132,1
TIX00346663,1
TIX00358377,1
TIX00381187,1
TIX00431209,1
TIX00410903,1
TIX00413372,1
TIX00556656,1
TIX00334181,2
TIX00330247,1
TIX00547535,1
TIX00611286,1
TIX00554603,1
TIX00399153,1
TIX00552664,2
TIX00388673,1
TIX00567217,1
TIX00598638,1
TIX00357600,1
TIX00506935,1
TIX00323592,1
TIX00322228,1
TIX00453136,1
TIX00442611,1
TIX00563127,1
TIX00524870,1
TIX00604018,1
TIX00388009,1
TIX00363015,1
TIX00584502,1
TIX00373757,1
TIX00621927,2
TIX00417216,1
TIX00538847,3
TIX00448889,1
TIX00342758,1
TIX00374990,1
TIX00371643,1
TIX00608663,1
TIX00383876,2
TIX00434205,1
TIX00427162,1
TIX00342901,2
TIX00560935,1
TIX00372970,1
TIX00440335,1
TIX00429888,1
TIX00622017,4
TIX00585971,1
,212874
TIX00453928,1
TIX00353057,4
TIX00556596,1
TIX00351165,1
TIX00572372,1
TIX00612831,1
TIX00434067,1
TIX00366153,1
TIX00371829,1
TIX00620375,1
TIX00586669,1
TIX00561450,2
TIX00362546,1
TIX00335520,1
TIX00603412,1
TIX00447980,1
TIX00372156,1
TIX00539278,1
TIX00587084,1
TIX00503932,1
TIX00589427,1
TIX00526742,1
TIX00390272,12
TIX00392975,1
TIX00590559,1
TIX00348580,1
TIX00403526,4
TIX00547816,1
TIX00335011,3
TIX00562061,1
TIX00536703,1
TIX00406056,1
TIX00618219,2
TIX00399866,2
TIX00504296,3
TIX00567892,1
TIX00347210,1
TIX00545261,1
TIX00544555,1
TIX00429899,1
TIX00414291,1
TIX00374872,1
TIX00561639,3
TIX00325570,1
TIX00550791,1
TIX00382663,1
TIX00428040,1
TIX00342629,1
TIX00396746,5
TIX00507392,1
TIX00556678,1
TIX00556838,1
TIX00326039,1
TIX00526812,3
TIX00453111,1
TIX00414329,1
TIX00555213,1
TIX00548733,1
TIX00370106,1
TIX00345549,1
TIX00546556,1
TIX00418935,1
TIX00413111,1
TIX00330714,1
TIX00613611,1
TIX00271610,1
TIX00605344,1
TIX00331672,1
TIX00419622,1
TIX00517832,2
TIX00610371,1
TIX00353008,1
TIX00506972,1
TIX00350851,1
TIX00591075,1
TIX00557366,1
TIX00345368,1
TIX00515586,1
TIX00300014,1
TIX00353301,1
TIX00590619,1
TIX00448298,3
TIX00412240,1
TIX00550865,1
TIX00510551,4

