pending_change_c,count
,214982
CHAPP0059058,1
CHAPP0046977,11
Manual,42
CHAPP0046085,3
CHAPP0055560,3
NA,2
CHAPP0054529,1
CHAPP0058196,1
CHAPP0054814,1
CHAPP0048099,1
CHAPP0049747,1
CHAPP0059810,1
CHAPP0054872,2
CHAPP0055978,1
CHAPP0055401,1
CHAPP0050994,2
CHAPP0059296,1
CHAPP0052977,1
CHAPP0059215,1
CHAPP0057658.,1
CHAPP0046453,1
CHAPP0058802,1
TIX00354266,1
CHAPP0055991,1
CHAPP0058133,1
CHAPP0057288,1
CHAPP0053270,1
CHAPP0047346,1
CHAPP0057772,1
CHAPP0048914,1
CHAPP0046177 ,10
CHAPP0057154,1
CHAPP0054749,1
CHAPP0048766,1
CHAPP0054246,1
CHAPP0057567,1
CHAPP0053348,1
CHAPP0055983,1
CHAPP0045658,1
CHAPP0048747,1
CHAPP0055004,1
CHAPP0054881,2
CHAPP0055386,1
CHAPP0050408,1
CHAPP0047899,1
CHAPP0047724,1
CHAPP0052974,1
CHAPP0056656,1
CHAPP0051806,1
CHAPP0059642,1
CHAPP0045867,1
CHAPP0056063,1
CHAPP0056842,2
CHAPP0056150,1
CHAPP0051801 and CHAPP0052769,2
CHAPP0048444,1
CHAPP0052301,1
CHAPP0051578,1
TIX00456490,1
CHAPP0056145,2
CHAPP0046745,1
CHAPP0050897,1
CHAPP0049823,2
CHAPP0058140,1
CHAPP0045418,1
CHAPP0048334,1
CHAPP0051254,1
CHAPP0046761 ,1
CHAPP0046953,1
SLG2150411,1
CHAPP0048482,1
CHAPP0056706,1
CHAPP0046304,1
CHAPP0050554,1
CHAPP0046671,1
 CHAPP0048272 ,1
CHAPP0057284,2
CHAPP0059641,1
CHAPP0048037,1
CHAPP0057101,1
CHAPP0057557,1
CHAPP0047465,1
CHAPP0059437,1
child ticket,2
CHAPP0045699,1
CHAPP0059457,1
CHAPP0045836,1
CHAPP0058543,2
CHAPP0053529,1
CHAPP0049843,1
CHAPP0057996,1
CHAPP0053836,1
CHAPP0046356,1
CHAPP0046820,1
CHAPP0052083,1
CHAPP0046786,1
CHG0012609,1
CHAPP0054842,1
CHAPP0049937,2
CHAPP0049820,1
CHAPP0058336,1
CHAPP0057667 ,2
CHAPP0046823,1
CHAPP0056083,1
CHAPP0048268,1
WOTSK0321645,1
CHAPP0048131,1
CHAPP0046448,1
CHAPP0056320,1
CHAPP0055895,1
CHAPP0050382,1
CHAPP0054757,1
CHAPP0049997,1
CHAPP0046618,1
CHAPP0050617,1
CHAPP0057824,1
CHAPP0053288,1
CHAPP0053989,1
CHAPP0052544,1
CHAPP0057377,1
CHAPP0049084,1
CHAPP0045543,1
CHAPP0053715,1
CHAPP0058179,1
CHAPP0049933,1
CHAPP0053599,1
CHAPP0052658,1
CHAPP0046821,1
CHAPP0051742,1
CHAPP0056328,1
CHAPP0057994,1
CHAPP0050608,1
CHAPP0050168,1
CHAPP0059446,1
CHAPP0048368,1
CHAPP0057136,1
TIX00527548,1
CHAPP0057922,1
CHAPP0059162,1
CHAPP0051383,1
TIX00523594,1
CHAPP0054085,1
CHAPP0054794,1
CHAPP0058128,1
RA1790,1
CHAPP0058308,1
CHAPP0058243,1
CHAPP0058473,1
CHAPP0057274,1
CHAPP0045459,1
CHAPP0045285,1
CHAPP0058291,1
CHAPP0051346,1
0046477,1
CHAPP0047186,1
CHAPP0048288,1
CHAPP0050228,1
CHAPP0051173,4
CHAPP0050311,1
CHAPP0051097,1
CHAPP0056349,2
CHAPP0049300,1
CHAPP0051651,1
CHAPP0046299,1
CHAPP0051248,1
CHAPP0055881,1
CHAPP0056422,2
CHAPP0046723,1
CHAPP0045519,1
CHAPP0053543,1
CHAPP0048062,1
CHAPP0053930,1
CHAPP0058221 ,1
CHAPP0055299,1
CHG0012286,1
CHAPP0046235,1
48661,1
CHAPP0056470,1
CHAPP0059353 ,1
CHAPP0051167,1
CHAPP0056109,1
CHAPP0045632,1
CHAPP0057082,1
CHAPP0053317,1
CHAPP0049792,1
TIX00434542,1
CHAPP0053675,1
CHAPP0049206,1
CHAPP0057835,1
CHAPP0046519,1
CHAPP0049713,1
CHAPP0045126,1
RA #1614,1
CHAPP0056314,1
54939,1
CHAPP0057826,1
CHAPP0054919,1
TIX00525665,1
CHAPP0049862,1
TIX00438181,1
CHAPP0058000,1
CHAPP0059378,1
- CHAPP0056861,1
CHAPP0056538,2
CHAPP0047047,1
CHAPP0054953,1
CHAPP0056588,1
TIX00550328 (CC SER),1
CHAPP0051745,1
CHAPP0047866,1
TIX00504313,1
CHAPP0055535,1
Scheduled - Manual,1
CHAPP0058825 ,3
CHAPP0049265,1
CHAPP0046262,1
CHAPP0059389,1
CHAPP0057176,1
CHAPP0055784,1
CHAPP0059404,1
CHAPP0054830,1
CHAPP0058722,1
CHAPP0053888,1
CHAPP0058266,1
CHAPP0049338,1
CHAPP0053706,1
CHAPP0058080,1
RA1779 ,1
CHAPP0057890,1
CHAPP0057450,1
CHAPP0047793,1
CHAPP0049280,2
CHAPP0058214,1
CHAPP0050866,1
CHAPP0048748,1
CHAPP0056632,1
CHG0012664,1
CHAPP0059275,1
CHAPP0057142,1
CHAPP0050645,1
CHAPP0056901,1
CHAPP0046603,1
CHAPP0045761,1
CHAPP0055853,1
CHAPP0045976,1
CHAPP0047638,1
CHAPP0048076,1
Build Freeze,65
CHAPP0049409,7
CHAPP0054689,1
TIX00357741,1
CHAPP0055860,1
CHAPP0057277,1
CHAPP0049694,1
CHAPP0049214,1
CHAPP0054870,1
CHAPP0049785,1
CHAPP0045442,1
CHAPP0058411,2
CHAPP0057930,2
CHAPP0059854,1
CHAPP0059337,1
CHAPP0050649,1
CHAPP0047320,1
CHAPP0054203,1
CHAPP0048090,1
CHAPP0058144,1
CHAPP0053287,1
CHAPP0047236,1
CHAPP0053384,1
CHAPP0057294,1
CHAPP0056281,1
CHAPP0059842,1
CHAPP0046868,1
CHAPP0046325,1
CHAPP0057135,1
CHAPP0051057,1
CHAPP0047881,1
CHG0014126,1
CHAPP0049556,1
CHAPP0051663,1
CHAPP0055835,1
CHAPP0052784,4
CHAPP0050927,1
CHAPP0053019,1
CHAPP0050478,1
CHAPP0050587,1
CHAPP0048989,1
TIX00411347,1
CHAPP0048521,2
CHAPP0050721,2
CHG0012706,2
CHAPP0057524,1
CHAPP0058713,1
CHAPP0056376,1
CHAPP0054684,1
CHAPP0056271,3
CHAPP0055520,1
CHAPP0046031,1
BUILD FREEZE,3
CHAPP0051748,1
CHAPP0058995,1
CHAPP0049723,1
CHAPP0058926,1
CHAPP0059030,1
CHAPP0055688,1
CHAPP0048991,2
CHAPP0054264,1
CHAPP0050205,1
CHAPP0056339,1
CHAPP0056076,1
CHAPP0057596,1
CHAPP0048623,3
CHAPP0057413,6
CHAPP0047508,1
CHAPP0056476,1
CHAPP0052252,1
CHAPP0055792,1
CHAPP0052729,1
CHAPP0045559,1
CHAPP0059674,1
SLG2001873 ,1
CHG0012915,1
CHAPP0045186,2
CHAPP0051809,1
CHAPP0058119,1
CHAPP0045595,1
CHAPP0052960,1
CHAPP0051591,3
CHAPP0050077,1
CHAPP0052034,2
CHAPP0051929,1
CHAPP0053676,1
CHAPP0051911,1
54148,1
CHAPP0050144,1
CHAPP0048953,1
CHAPP0055939,1
CHAPP0049147,1
CHAPP0056681,1
CHAPP0048885,1
CHAPP0059184,1
CHAPP0054844,1
CHAPP0049816,3
CHAPP0057478,1
Manual Security Removal,1
TIX00441575,1
CHAPP0047267,1
CHAPP0055086,1
CHAPP0049963,1
CHAPP0046654,1
CHAPP0046967,1
CHAPP0047501,1
CHAPP0057699,1
CHAPP0058793,1
CHAPP0057660,1
CHAPP0050880,1
CHAPP0058356,1
CHAPP0052626,1
CHAPP0055764,1
CHAPP0047248,1
CHAPP0054322,1
CHAPP0050412,1
CHAPP0054896,1
CHAPP0055981,2
CHAPP0058365,1
PRDSHD DownTime,1
CHAPP0049257,1
CHAPP0048895,1
CHAPP0048155,1
CHAPP0048494,2
CHAPP0046384,2
CHAPP0047993,1
CHAPP0047746,1
CHAPP0048151,1
CHAPP0054976,1
TIX00449219,1
AOAG,2
CHAPP0054755,1
TIX00450899,1
CHAPP0054780,1
CHAPP0057846,1
CHAPP0045805,1
CHAPP0053786,1
CHAPP0051137,1
CHAPP0055674 / CHAPP0055776,1
0048655,1
TIX00501200,1
CHAPP0057041,1
TIX00534183,1
cHAPP0049614,1
CHAPP0056396,1
CHAPP0046877,1
CHAPP0051366,2
54524,1
CHAPP0054245,1
CHAPP0057182,1
CHAPP0054001,1
TIX00545867,1
CHAPP0049729,4
CHAPP0050656,1
CHAPP0052336,1
CHAPP0053749,1
CHAPP0059439,1
TIX00501754,1
CHAPP0055206,1
CHAPP0050536,1
CHAPP0052462,1
CHAPP0049595,1
CHAPP0058872,1
CHAPP0053681 ,1
CHAPP0058996,2
ISS Department Authorizer,4
CHAPP0058274,1
CHAPP0055101,1
CHAPP0057472,1
CHAPP0046074,1
2 changes,1
CHAPP0056969,1
CHAPP0055096,1
CHAPP0055050,1
CHAPP0053512,1
CHAPP0057559,1
CHAPP0054438,2
CHAPP0053144,2
CHAPP0056092,1
CHAPP0059403,1
CHAPP0049501,1
TIX00506735,1
CHAPP0048898,1
CHAPP0055352,2
CHAPP0056287,1
CHAPP0050145,1
CHAPP0059745,1
CHAPP0059822,2
CHAPP0055611,1
CHAPP0056800,1
CHAPP0057678,1
CHAPP0056473,1
CHAPP0055901,1
101,1
CHAPP0051320,1
CHAPP0057454,1
CHAPP0045237,1
CHAPP0046360,1
CHAPP0047183,1
CHAPP0053427,1
TIX00444998,1
CHAPP0057276,1
CHAPP0047172,1
CHAPP0058873,1
CHAPP0050345,1
TIX00446802,1
CHAPP0055387,1
CHAPP0057769 / CHAPP0057771 ,1
CHAPP0048205,1
CHAPP0046597,1
CHAPP0056593,1
CHAPP0050895,1
CHAPP0046544,1
CHAPP0057459,1
CHAPP0054520,1
CHAPP0059603,1
CHAPP0054887,1
0052097,1
CHAPP0055326,1
CHAPP0054387,1
CHAPP0054915,1
CHAPP0052260,1
CHAPP0056966,1
CHAPP0050346,1
CHAPP0058806,1
CHAPP0056755,1
CHAPP0057623,1
CHAPP0046146,1
CHAPP0052080,1
"CHAPP0055694, CHAPP0055791",1
CHAPP0047158,1
CHAPP0051324,1
CHAPP0056202,1
CHAPP0057117,1
CHAPP0054914,1
CHAPP0054331,1
CHAPP0046568,1
CHAPP0055487,1
CHAPP0047690,1
CHAPP0047957,1
CHAPP0056516,1
CHAPP0058217,1
CHAPP0054419,1
CHAPP0053166,1
CHAPP0055150,1
CHAPP0053766,1
CHAPP0046232,1
CHAPP0056759,1
CHAPP0057149,1
CHAPP0058461,1
CHAPP0052990,1
CHAPP0048416,1
CHAPP0058003,1
CHAPP0053931,1
CHAPP0052967,1
CHAPP0057648,1
CHAPP0050855,1
CHAPP0046749,1
CHAPP0052487,1
CHAPP0059632,2
CHAPP0053197,1
CHAPP0052643,1
CHAPP0051728,1
CHAPP0055731,1
CHAPP0055253  ,1
CHAPP0055161,1
CHAPP0045562,1
CHAPP0054251,1
CHAPP0050965,1
CHAPP0050731,1
CHAPP0057086,1
CHAPP0046523,1
CHG0014806,1
CHAPP0050318,1
CHAPP0056491,2
CHAPP0046321,1
CHAPP0057934,1
CHAPP0047571,1
CHAPP0053945,1
CHAPP0050366,1
CHAPP0059740,1
TIX00451575,1
CHAPP0056091,1
CHAPP0058951,1
CHAPP0053793,1
CHAPP0052253,1
CHAPP0047934,1
CHAPP0057502 ,1
TIX00528528,1
CHAPP0051985,1
CHAPP0055833,1
CHAPP0057361,1
CHAPP0054482,1
CHAPP0045150,1
CHAPP0056315,1
CHAPP0056369,1
SLG2156898,1
CHAPP0056210,1
CHAPP0055459,1
CHAPP0057814,1
CHAPP0054659,1
CHAPP0054374,1
CHAPP0057964,1
CHAPP0054530,1
CHAPP0050379,1
CHAPP0053810,1
CHAPP0049634,1
CHAPP0049737,1
CHAPP0047813,1
CHAPP0059361,1
CHAPP0050799,1
CHAPP0059550,1
CHAPP0055727,1
0045649,1
CHAPP0046427,1
CHAPP0056490,1
CHAPP0059598,3
CHAPP0055371,1
CHAPP0046319,1
CHAPP0045700,1
CHAPP0055379,1
CHAPP0046462,1
CHAPP0048868,1
CHAPP0049502,1
CHAPP0053316,1
CHAPP0046563,1
CHAPP0058606,1
CHAPP0051082,2
CHAPP0045706,1
CHAPP0056817,1
CHAPP0048591,1
CHAPP0054751,3
CHAPP0050266,1
CHAPP0055137,1
CHAPP0053846,1
CHAPP0056180,1
CHAPP0057003,1
CHAPP0054497,2
CHAPP0046407,1
CHAPP0059400,1
CHAPP0053627,2
CORC,4
CHAPP0047779,1
CHAPP0055619,1
CHAPP0059568,1
CHAPP0050967,3
CHAPP0059782,1
TIX00409875,1
CHAPP0058611,1
CHAPP0057543,1
CHAPP0057869,1
CHAPP0053779,1
CHAPP0051129,2
CHAPP0049953,1
CHAPP0058295,1
CHAPP0048593,1
CHAPP0053276,1
193807119,1
TIX00534833,1
CHAPP0050007,2
CHAPP0057346,1
CHAPP0054382,1
CHAPP0045789,1
CHAPP0047084,1
CHAPP0055315,1
CHAPP0056616,1
TIX00431505,1
CHAPP0057174,1
CHAPP0054977,1
CHAPP0046805,2
CHAPP0047359,1
CHAPP0055865,1
CHAPP0053266,2
CHAPP0059526,1
CHAPP0053844,1
CHAPP0048511,1
CHAPP0059500,1
RITM0136460,1
CHAPP0056276,1
CHAPP0059178,1
CHAPP0051007,1
CHAPP0056564,1
CHAPP0055851,1
CHAPP0052118,1
CHAPP0054172,1
TIX00550022,1
CHAPP0049606,1
CHAPP0053743,1
CHAPP0052363,1
CHAPP0049253,3
CHAPP0046818,1
CHAPP0047324,1
55078,1
CHAPP0052623,1
CHAPP0053966,1
CHAPP0046467,1
CHAPP0053381,1
CHAPP0056700,1
CHAPP0047412,1
54647,1
CHAPP0057511,2
CHAPP0051023,1
CHAPP0055932,1
CHAPP0055882,1
CHAPP0051336,2
CHAPP0045961,1
CHAPP0054988,1
CHAPP0059514,1
CHAPP0057126,1
CHAPP0054293,1
CHAPP0059402,1
CHAPP0058710,1
CHAPP0058048,1
CHAPP0045166,1
CHAPP0054133,1
CHAPP0059608,1
CHAPP0049686,2
CHAPP0058355,1
CHAPP0051037,1
CHAPP0056897,1
CHAPP0058628,1
CHAPP0052090,1
CHAPP0058301,1
CHAPP0054082,2
CHAPP0054417,1
CHAPP0051583,1
CHAPP0047077,1
CHAPP0053194,1
CHAPP0055653,1
CHAPP0059476,1
CHAPP0057957,1
CHAPP0055134,1
CHAPP0049947,1
CHAPP0051526,1
CHAPP0050713,1
CHAPP0056449,1
CHAPP0050738,1
CHAPP0047696,1
CHG0012917,1
CHAPP0056751,1
CHAPP0046405,1
CHAPP0045353 and CHAPP0045362,1
CHG0013554,1
CHAPP0051749,1
CHAPP0047233,1
CHAPP0056335,1
CHAPP0047882,1
CHAPP0048187,1
CHAPP0045599,1
CHAPP0047507,1
CHAPP0054621,1
CHAPP0050322,1
CHAPP0046228,1
CHAPP0057028,1
CHAPP0052961,1
53260,1
CHAPP0056129,1
CHAPP0058366,1
CHAPP0056219,1
CHAPP0055821,3
TIX00436429,1
CHAPP0048304,1
CHAPP0058472,1
CHAPP0057373,1
CHAPP0055209,1
CHAPP0056249,1
CHAPP0047979,1
CHAPP0050528,1
CHAPP0057517,1
CHAPP0050666,1
CHAPP0057984,1
CHAPP0048456,1
CHAPP0050877,1
CHAPP0050273,1
SLG2113427 ,1
CHG0012282,1
CHAPP0055935,1
CHAPP0050882,1
CHAPP0058368,1
TIX00433273,1
CHAPP0051683,1
CHAPP0057515,1
CHAPP0053073,1
CHAPP0059359,1
CHG0012634,1
TIX00421221 ,1
CHAPP0059696,1
CHG0012250,1
CHAPP0054388,1
CHAPP0059591,1
CHAPP0051750,1
CHAPP0045865,1
CHAPP0058302,1
CHAPP0050473,1
CHAPP0059604,1
CHAPP0058871,1
RITM0125547,1
CHAPP0055698,1
CHAPP0047978,1
CHAPP0051038,1
CHAPP0057638,1
CHAPP0047741,1
CHAPP0054177 ,1
CHAPP0050584,1
CHAPP0047423,1
CHAPP0057935,1
CHAPP0050269,1
CHAPP0055854,1
CHAPP0055726,1
CHAPP0048628 ,1
CHAPP0047905,1
CHAPP0056046,1
CHAPP0054588,1
CHAPP0048979,1
CHAPP0048337,1
CHAPP0054526,1
CHAPP0056495,1
CHAPP0051477,1
CHAPP0054673,1
CHAPP0053998,1
CHAPP0056205,1
CHAPP0053761,1
CHAPP0045663,1
CHAPP0057731,1
CHAPP0057486,1
h,1
CHAPP0046959,1
CHAPP0050415,1
CHAPP0051709 ,1
CHAPP0056806,1
CHAPP0054884,1
CHAPP0045267,1
CHAPP0058866,1
CHAPP0048627,1
CHAPP0053672,1
CHAPP0053588,1
CHAPP0045731,1
CHAPP0053275,1
CHAPP0046171,1
CHAPP0046960,1
CHAPP0049645,1
CHAPP0050631,1
CHAPP0057297,1
CHAPP0045919,1
CHG0012865,1
CHAPP0055123,1
CHAPP0050057,1
CHAPP0046824,1
CHAPP0058103,1
CHAPP0054654,1
CHAPP0047377,1
CHAPP0056190,4
CHAPP0046922,1
CHAPP0059440,1
CHAPP0046537,1
CHAPP0049718,1
CHAPP0052736,2
CHAPP0052088,1
CHAPP0054658,3
TIX00343599,1
CHAPP0052223,1
build freeze,20
CHAPP0056613,1
CHAPP0053985 ,1
CHAPP0059068,1
CHAPP0054756,1
CHAPP0057170,1
CHAPP0053828,1
CHAPP0054107,1
CHAPP0048240,1
CHAPP0049753,3
CHAPP0055426,1
CHAPP0055153,1
CHAPP0052377,1
CHAPP0057704,1
CHAPP0049169,1
CHAPP0046662,1
CHAPP0055584,1
CHAPP0058834,1
CHAPP0050180,4
CHAPP0057858,1
CHAPP0052189,1
CHAPP0048279 ,2
CHAPP0059422,1
CHAPP0057755,1
CHAPP0055704,1
CHAPP0056798,2
CHAPP0048727,1
SLG 1881400,1
CHAPP0045228,1
CHAPP0057289,1
CHAPP0053591,7
CHAPP0050479,1
CHAPP0059192,1
TIX00430434,1
CHAPP0059510,3
CHAPP0059624,1
CHAPP0056673,1
CHAPP0059730,1
CHAPP0055121,1
CHAPP0057959,1
CHAPP0048513,1
CHAPP0046112,1
CHAPP0057509,1
CHAPP0057586,1
55482,1
CHAPP0056982,1
CHAPP0049008,3
- CHAPP0057130,1
CHAPP0057658,1
CHAPP0047092,1
CHAPP0050495,1
CHAPP0046931,1
CHAPP0050581,1
CHAPP0055341,1
CHAPP0053146,1
CHAPP0057521,1
CHAPP0054672,1
CHAPP0055025,1
Pool Migration,1
CHAPP0045309,1
CHAPP0054848,3
CHAPP0051162,1
CHAPP0052587,1
CHAPP0049369,1
CHAPP0058372,1
CHAPP0054601,1
CHAPP0048615,1
CHAPP0056296,1
CHAPP0057787,1
CHAPP0047849 ,1
CHAPP0052233,1
CHAPP0054108,1
CHAPP0055501,1
CHG0012877,1
CHAPP0057839,1
CHAPP0057263,2
CHAPP0048263,1
CHAPP0046809,1
CHAPP0056787,1
CHAPP0054740,1
CHAPP0050059,1
CHAPP0049202,1
CHAPP0054979,1
CHAPP0056494,1
CHAPP0049033,1
TIX00434444,1
CHAPP0054052,1
CHAPP0057219,1
CHAPP0059435,1
CHAPP0052190,2
CHAPP0056602,1
CHAPP0047737,1
TIX00451514,1
CHAPP0058455,1
CHAPP0045621,2
CHAPP0054906,1
CHAPP0054217,1
CHAPP0057782,1
CHAPP0046674,2
CHAPP0055589,5
CHAPP0057121,1
CHAPP0056835,1
CHAPP0049019,1
TIX00430443,1
CHAPP0047162,1
CHAPP0057272,1
CHAPP0048706,2
CHAPP0053790,1
CHAPP0052205,1
CHAPP0053837,1
CHAPP0048480,1
CHAPP0059020,1
55278,1
CHAPP0055256,1
CHAPP0054137,1
CHAPP0059762,1
CHAPP0051534,1
CHG0012960,1
TIX00430559,1
CHAPP0054912,1
CHAPP0053308,1
CHAPP0058968,1
CHAPP0048398,1
CHAPP0055812,1
CHAPP0055965,1
CHAPP0059150,1
CHAPP0053709,1
CHAPP0046874,1
CHAPP0059320,1
CHAPP0053338,1
CHAPP0051394,1
CHAPP0052568,1
CHAPP0052826,1
CHAPP0046069,1
CHAPP0057452,1
CHAPP0051930,1
CHAPP0050418,1
CHAPP0059777,1
CHAPP0055946,1
CHAPP0053538,1
CHAPP0056719,1
CHAPP0054681,1
CHAPP0056703,1
CHAPP0053920,1
CHAPP0056758,1
CHAPP0053004,1
CHAPP0055830,1
CHAPP0045483,3
CHAPP0055922,1
CHAPP0047516,1
CHAPP0054546,1
CHAPP0054894,1
CHAPP0048743,1
CHAPP0045593,1
CHAPP0059702,1
CHAPP0047476,1
CHAPP0055919,1
CHAPP0057795,3
CHAPP0047712,1
"CHAPP0057738, CHAPP0057817",1
CHAPP0045416,1
CHAPP0058183,1
TIX00549238,1
CHAPP0046283,1
CHAPP0049406,1
CHG0014513,1
CHAPP0047785,1
chapp0052239,1
CHAPP0057505,1
TIX00501712,1
CHAPP0046816,1
CHAPP0049866,1
CHAPP0057523,1
CHAPP0049853,1
CHAPP0055682,1
CHAPP0056933,1
51325,1
SLG 1713083,1
CHAPP0053639,1
CHAPP0054630,1
CHAPP0057734,1
CHAPP0059623,1
CHAPP0057398,2
CHAPP0047908,1
CHAPP0054680,1
CHAPP0055146,1
CHAPP0055388,1
TIX00431194,1
CHAPP0052257,1
CHAPP0048751,1
CHAPP0056768,1
CHAPP0059460,1
CHAPP0055021,1
CHAPP0050094,1
CHAPP0047503,1
CHAPP0049308,1
CHAPP0049274,1
CHAPP0052082,1
CHAPP0056372,1
CHAPP0056783,1
TIX00454934	,1
CHAPP0056253,1
CHAPP0054989,1
CHAPP0056278,1
CHAPP0047591,1
CHAPP0055842,1
CHAPP0051699,1
CHAPP0051190,1
CHAPP0052319,1
CHAPP0056290,1
TIX00444977,1
CHAPP0053069,1
TIX00524721,1
CHAPP0051506,1
CHAPP0050347,1
CHAPP0046163,1
CHAPP0058904,1
CHAPP0056856,1
CHAPP0059208,1
CHAPP0056206,1
TIX00450906,1
CHAPP0054413,1
CHAPP0047581,1
TIX00558471,1
CHAPP0054273,1
CHAPP0046358,1
CHAPP0055151,1
CHAPP0048626,1
CHAPP0051100,1
CHAPP0059646,1
CHAPP0046518 ,1
CHAPP0047339,1
CHAPP0056436,1
CHAPP0056248,1
CHAPP0045478,1
CHAPP0056241,1
CHAPP0056104,1
CHAPP0059852,1
RA,2
chapp0054126,1
CHAPP0054628,1
CHAPP0049457,1
TIX00451551,1
CHAPP0047251,1
CHAPP0054403,1
CHAPP0058567,1
CHAPP0053872,1
CHAPP0054305,3
CHAPP0053936,1
CHAPP0055212,1
CHAPP0048911,1
CHAPP0047900,1
CHAPP0058923,1
CHAPP0053534,1
CHAPP0054996,2
CHAPP0048535,1
CHAPP0057232,1
CHAPP0050739,1
CHAPP0055286,1
0051373,1
CHG0012245,1
CHAPP0048556,1
Manual Security Change,6
CHAPP0053417,1
TIX00376394,2
CHAPP0057352,1
CHAPP0050344,1
CHAPP0054517,1
CHAPP0059653,1
CHAPP0049509,1
CHAPP0056469,1
CHAPP0056065,1
CHAPP0058828,1
CHAPP0050808,1
CHAPP0059157,1
CHAPP0055070,1
CHAPP0046439,1
CHAPP0053507,1
CHAPP0049682 ,3
CHAPP0046740,1
TIX00451558,1
CHAPP0055834,1
CHAPP0049015,1
CHG0012605,1
CHAPP0053505,3
CHAPP0047030 ,1
CHAPP0057528,2
CHAPP0050871,1
CHAPP0045766,2
CHAPP0058971,1
CHAPP0049420,1
CHAPP0056779,1
CHAPP0054626,1
CHAPP0054393,1
CHAPP0045838,1
CHAPP0053854,2
CHAPP0050135,1
CHAPP0054325,1
CHAPP0051860,1
CHAPP0054592,1
CHAPP0059418,1
CHAPP0049689,1
2190370 ,1
CHAPP0051291,1
CHAPP0058749,1
CHAPP0054955,1
CHAPP0045306,1
CHAPP0054063,1
CHAPP0055296,1
CHAPP0057388,2
CHAPP0048273,1
CHAPP0055503,1
CHAPP0057119,1
CHAPP0051232,1
CHAPP0052000,1
CHAPP0055497,1
CHAPP0048302,1
CHAPP0046312,1
CHAPP0048906,1
CHAPP0048744,2
CHAPP0046088,1
RITM0127792,1
CHAPP0059240,1
CHAPP0057646,2
CHAPP0056991,2
CHAPP0056754,1
CHAPP0046395,1
CHAPP0058518,1
CHAPP0050068,1
CHAPP0045860,1
CHAPP0058046,1
CHAPP0048538,1
CHAPP0058427,1
CHAPP0049311,1
CHAPP0058759,2
CHAPP0059481,1
CHAPP0051912,1
CHAPP0046974,1
CHAPP0059201,1
CHAPP0056601,3
CHAPP0049703,1
CHAPP0047235 ,1
CHAPP0059667,1
CHG0012627,1
CHAPP0047283,1
CHAPP0046354,1
CHAPP0052213,1
CHAPP0056716,1
CHAPP0046636,1
CHAPP0049455,1
CHAPP0048298,1
CHAPP0050602,1
CHAPP0056714,1
CHAPP0050527 ,1
CHAPP0048897,1
TIX00431206,1
CHAPP0055824,1
CHAPP0056015,1
Reolution of AD Login Issue,1
SLG2137090 ,1
CHAPP0053725,2
CHAPP0045302,1
CHAPP0048354,1
RITM0121010,1
CHAPP0055724,1
CHAPP0058541,1
- CHAPP0054221,1
CHAPP0045080,1
CHAPP0055558,1
CHAPP0059761,1
CHAPP0052686,1
CHAPP0056737,1
CHAPP0059469,1
TIX00450924,1
CHAPP0047397,1
CHAPP0056264,1
CHAPP0059808,1
CHG0012712,1
CHAPP0048198,1
CHAPP0057998,1
CHAPP0049365,1
CHAPP0046253,1
CHAPP0047898,1
CHAPP0055785,1
CHAPP0052521,1
CHAPP0057229,1
CHAPP0045264,1
CHAPP0057363,2
CHAPP0051991; CHAPP0052381,1
CHAPP0053913 	,1
CHAPP0052037,1
CHAPP0049245,1
CHAPP0046263,1
CHAPP0051151,1
CHAPP0051470,1
CHAPP0046901,1
CHAPP0054068,1
CHAPP0048811,1
CHG0013590,1
CHAPP0054416,1
CHAPP0057988,1
CHAPP0059705,1
CHAPP0050832,1
CHAPP0053393,1
CHAPP0048896,1
CHAPP0058999,1
CHAPP0046711,1
CHAPP0056269,1
CHG0012398,1
CHAPP0057519,1
CHAPP0055605,3
CHAPP0053566,1
CHAPP0058482,1
CHAPP0053337,1
CHAPP0053238,1
CHAPP0053196,1
CHAPP0049357,1
CHAPP0053214,2
CHAPP0056971 / CHAPP0056985,1
CHAPP0059379,1
CHAPP0054763,1
CHAPP0046318,1
CHAPP0048984,1
CHAPP0054685,2
CHAPP0056273,1
CHAPP0047443,1
CHAPP0056254,1
CHAPP0058141,1
CHAPP0058911,1
CHAPP0049076,1
CHAPP0057693,1
CHAPP0053351,1
CHAPP0052229,1
CHAPP0051887,1
CHAPP0048381,1
CHAPP0046944,1
CHAPP0057702,1
CHAPP0050147,1
CHAPP0053671,1
CHAPP0055666,1
CHAPP0049292,1
CHAPP0054454,1
CHAPP0055825,1
CHAPP0049366,1
CHAPP0045883,1
CHAPP0055290,1
CHAPP0049976,1
CHAPP0048257,1
CHAPP0058386,1
CHG0014646,1
CHAPP0057218,1
CHAPP0054809,1
CHAPP0056257,1
CHAPP0051986,3
TIX00446726,1
CHAPP0050898,1
CHAPP0056776,1
CHAPP0045207,1
CHAPP0057759,1
CHAPP0050190,1
CHAPP0051936,1
CHAPP0057868,1
CHAPP0047896,1
CHAPP0050486,1
CHAPP0052181,1
CHAPP0047961,1
CHAPP0056324,2
CHAPP0046000,1
CHAPP0047946,1
CHAPP0058062,1
CHAPP0046514,1
CHAPP0046045,1
CHAPP0054021,1
CHAPP0052543,1
CHAPP0059369,1
CHAPP0053205,1
- CHAPP0057308,1
CHAPP0057366,1
CHAPP0046504,1
CHAPP0057790,1
CHAPP0054333,1
CHAPP0052276,1
CHAPP0051086,1
CHAPP0054525,1
CHAPP0047870,1
CHAPP0059401,1
CHAPP0054735,1
RA 1664,1
TIX00431215,2
A new service now ticket has been create,1
CHAPP0059465,1
CHG0012934,1
CHAPP0048014,1
CHAPP0048729,1
CHAPP0049066,1
CHAPP0048557,1
TIX00430337,1
CHAPP0055609,1
CHAPP0050650,1
CHAPP0046963,1
CHAPP0057711,1
CHAPP0051141,1
SLG1916533,1
CHAPP0058474,1
CHAPP0055910,1
CHAPP0046036,1
CHAPP0056833 ,1
CHAPP0053341,1
CHAPP0055702,1
TIX00532547,1
CHAPP0045446,1
CHAPP0055787,1
CHAPP0055242,1
CHAPP0054287,1
CHAPP0059701/CHAPP0059716,1
CHAPP0053994,1
CHAPP0045412,1
CHG0013292,1
CHAPP0058036,1
CHAPP0056455,1
CHAPP0055700,1
CHAPP0046073,1
CHAPP0059339,1
CHAPP0057977,1
CHAPP0052593,1
CHAPP0053141,1
CHAPP0054644,1
CHAPP0050512,1
CHAPP0046055,1
CHAPP0047168,1
53259,1
CHAPP0055725,1
Manual Security Update,1
CHAPP0055036,1
CHAPP0050069,1
CHAPP0055160 ,1
CHAPP0057158,1
CHAPP0053702,1
CHAPP0049640,1
CHAPP0050106,1
CHG0012959,1
CHAPP0054531,1
TIX00430579,1
CHAPP0058414,1
CHAPP0059554,2
CHAPP0052569,1
CHAPP0055722,1
CHAPP0055105,1
CHAPP0046452,1
CHAPP0051133,1
TIX00336275,1
CHAPP0056611,1
CHAPP0053838,1
 1944517 ,1
CHAPP0057492,1
CHAPP0046905,1
TIX00413638,1
TIX00511196,1
CHG0012284,1
chapp0047260,1
CHAPP0052508,1
CHAPP0057552,1
CHAPP0053849,1
CHAPP0058476,1
CHAPP0053917,1
CHAPP0053595,1
CHAPP0048520,1
CHAPP0046068,1
CHAPP0048079,1
CHAPP0050309,1
CHAPP0050740,1
CHAPP0047504,1
CHAPP0050373,1
CHG0014412,1
CHAPP0054088,1
CHAPP0056893,1
CHAPP0048098,1
CHAPP0057827,1
CHAPP0050490,1
CHAPP0054944,1
CHG0012855,1
CHAPP0045214,1
CHAPP0051028,1
TIX00438157,1
CHAPP0048915,1
CHAPP0050667,1
CHAPP0055525,1
CHAPP0049325,1
TIX00418675,1
CHAPP0046964,1
CHAPP0053797,1
TIX00420838,1
CHAPP0053391,1
CHAPP0055464,1
CHAPP0049279,1
CHAPP0058818,1
CHAPP0056056,2
CHAPP0057180,1
CHAPP0054256,1
CHAPP0058982,1
CHAPP0048677,1
CHAPP0055802,1
CHAPP0059758,1
CHAPP0049222,1
CHAPP0054636,1
CHAPP0059724,1
CHAPP0059795,1
CHAPP0048199,1
CHAPP0053163,1
CHAPP0059683,1
CHAPP0047886,1
CHAPP0059638,1
CHAPP0059596,1
CHAPP0055455,1
CHAPP0055906,1
CHAPP0052409,1
CHAPP0057883,1
CHAPP0054404,1
CHAPP0058553,1
TIX00450938,1
CHAPP0050154,1
CHAPP0048531,1
CHAPP0054833,1
CHAPP0051226,1
CHAPP0053518,1
CHAPP0048763,1
CHAPP0053492,1
CHAPP0054359,1
CHAPP0047042,1
Manual Removal,2
CHAPP0057589,1
CHAPP0047142,1
CHAPP0058340,2
CHAPP0053795,1
TIX00419178,1
CHAPP0049046,1
TIX00511934,1
CHAPP0057296,1
CHAPP0058571,1
CHAPP0057579,1
TIX00410980,1
CHAPP0049285,1
CHAPP0051207,1
CHAPP0055603,1
CHAPP0055928,1
CHAPP0056568,1
CHAPP0057851,1
CHAPP0057971,1
CHAPP0049930,1
CHAPP0057313,1
CHAPP0049559,1
CHAPP0055201,1
CHAPP0051849,1
CHAPP0048631,1
CHAPP0046939,1
CHAPP0053385,1
CHAPP0049341,1
CHAPP0052629,2
CHAPP0054377,1
CHAPP0057021,2
CHAPP0050540,1
CHAPP0054131,1
CHAPP0056283,1
CHAPP0049950,1
CHAPP0058410 ,1
CHAPP0058626,1
CHAPP0052475,1
CHAPP0053263,1
- CHAPP0057155,1
CHAPP0051256,1
CHAPP0048266,1
CHAPP0057233,1
CHAPP0057888,1
CHAPP0053014,1
CHAPP0058853,1
CHAPP0055205,1
CHAPP0059390,1
TIX00507134,1
CHAPP0053607,1
CHAPP0057017,1
CHAPP0059830,1
CHAPP0049024,1
Far,1
TIX00532765,1
Pending,2
CHAPP0053523,1
CHAPP0059825,1
CHAPP0052639,1
CHAPP0056313,1
CHAPP0050371,1
CHAPP0045286,1
CHAPP0058184,1
54349,1
CHAPP0050957,1
CHAPP0046001,1
CHAPP0053172,1
CHAPP0054195,1
CHAPP0050983,1
CHAPP0050979,1
CHAPP0056452,1
CHAPP0058862,1
CHAPP0056500,1
CHAPP0050674,1
CHAPP0058736,1
CHAPP0049436,1
CHAPP0053226,1
54945,1
CHAPP0049752,1
CHAPP0045061,1
CHAPP0058063,1
CHAPP0058615,1
CHAPP0047816,1
CHAPP0048676,1
TIX00544508,1
CHAPP0046480,1
CHAPP0058345,1
CHAPP0058220,1
TIX00424963,1
CHAPP0059735,1
CHG0014484,1
CHAPP0057545,1
CHAPP0046825,1
CHAPP0053279,2
CHAPP0046473,1
CHAPP0056666,1
CHAPP0048282,1
CHAPP0056071,1
CHAPP0046042,1
CHAPP0045275,1
CHAPP0055159,1
CHAPP0049749,1
CHAPP0046583,1
CHAPP0056115,1
CHAPP0046785,1
CHAPP0045540,1
CHAPP0056184	,1
CHAPP0058876,1
CHAPP0056415,1
CHAPP0055793,1
CHAPP0057460,1
CHAPP0055670,1
CHAPP0050446,1
CHAPP0059137,1
CHAPP0054498,1
CHAPP0045343,1
CHAPP0046431,1
CHAPP0059444,6
CHAPP0052455,1
CHAPP0051664,1
CHAPP0059181,1
CHAPP0057677,1
CHAPP0058977,1
CHAPP0056548,9
CHAPP0057177,4
CHAPP0058017,1
CHAPP0057287,1
CHAPP0058544,1
CHAPP0056878,1
CHAPP0056099,1
CHAPP0056263,1
0052065,1
CHAPP0055567,1
CHAPP0048393,1
CHAPP0055951,1
CHAPP0057766,1
CHAPP0052291,1
CHAPP0057134,1
CHG0012276,1
CHAPP0053239,1
CHAPP0047028,2
CHAPP005642,1
CHAPP0057063,1
CHAPP0052017,1
TIX00549432,1
CHAPP0045866,1
CHAPP0055420,1
CHAPP0046611 & CHAPP0046625,1
CHAPP0045554,1
CHAPP0053364,1
Migration,1
CHAPP0055442,1
CHAPP0052731,1
CHAPP0058200,1
CHAPP0059800,1
CHAPP0051130,1
CHAPP0050997,1
CHAPP0051503,1
CHAPP0059153,1
CHAPP0046766,1
Build freeze,2
CHAPP0053327,1
CHAPP0055748,1
CHAPP0048699,1
CHAPP0058534,1
CHAPP0056405,1
CHAPP0051277,1
CHAPP0055678,1
CHAPP0058182,1
CHAPP0056435,1
CHAPP0045213,1
CHAPP0049209 ,1
CHAPP0054408,1
CHAPP0052369,1
CHAPP0046361,1
CHAPP0058718,1
CHAPP0050501,1
CHAPP0046222,1
CHAPP0049415,1
CHAPP0047998,1
CHAPP0045152,1
CHAPP0055856,1
CHAPP0048269,1
CHAPP0050036,1
CHAPP0056099 / CHAPP0056227,1
CHAPP0051260,1
CHAPP0055140,1
CHG0012579,1
CHAPP0048764,1
CHAPP0050426,1
CHAPP0059036,1
0051329,1
45906,1
CHAPP0057329,1
CHAPP0054923,1
TIX00439097,1
CHAPP0057094,1
CHAPP0048280,1
CHAPP0055957,1
CHAPP0053392,1
CHAPP0049266,1
CHAPP0053217,1
CHAPP0056533,1
CHAPP0051581,1
CHAPP0048157,3
CHAPP0055170,1
CHAPP0048952,1
CHAPP0054995,1
CHAPP0047107,1
CHAPP0046567,1
CHAPP0053621,1
CHAPP0047419,1
CHAPP0054905,1
CHAPP0056511,1
CHAPP0058215,1
CHAPP0055229,1
CHAPP0056419,1
CHAPP0046605,1
CHAPP0053373,1
CHAPP0049387,1
SLG2129554 ,1
CHAPP0055405,1
CHAPP0047442,2
CHAPP0049168,1
CHAPP0059456,2
CHAPP0056255,1
TIX00529501,1
CHAPP0057933,1
CHAPP0053699,1
CHAPP0057335,1
CHG0013630,1
CHAPP0046126,2
CHAPP0050428,1
CHAPP0054799,1
CHAPP0057163,1
CHAPP0047700,1
CHAPP0048425,1
CHAPP0050229,1
CHAPP0056652,1
CHAPP0046716,1
0049525,1
CHAPP0055807,1
npr 451,1
CHAPP0045698,1
CHAPP0054192,1
54725,1
CHAPP0058081,1
RA 1790,2
CHAPP0053119,1
CHAPP0050195,1
CHAPP0053017,1
CHAPP0052532,1
CHAPP0057941,1
CHAPP0056457,1
CHAPP0047304,1
CHAPP0051391,1
CHAPP0053723,1
TIX00434575,1
CHAPP0055620,1
TIX00505307,1
CHAPP0048004,1
CHAPP0055761,1
- CHAPP0056697,1
CHAPP0057268,1
CHAPP0057707,1
CHAPP0048558,1
CHAPP0054869,1
CHAPP0058816,1
CHAPP0058720,1
CHAPP0051216,2
CHG0013538,1
CHAPP0045958,1
CHAPP0048772,1
chapp0051642,1
CHAPP0052394,1
CHAPP0054186,1
CHAPP0057953,1
CHAPP0059715,1
CHAPP0058684,1
CHAPP0045764,1
CHAPP0056097,1
CHAPP0051671,1
CHAPP0053729,1
CHG0012687,1
CHAPP0054969,1
CHAPP0055552,1
CHAPP0058503,1
CHAPP0048940,1
CHAPP0049059,2
CHAPP0051650,1
CHAPP0054971,1
CHAPP0054911,1
TIX00529679,1
CHAPP0050616,1
CHAPP0057963,1
CHAPP0047014,1
CHAPP0047921,1
CHAPP0055563,1
CHAPP0050365,1
CHAPP0057785,1
CHAPP0047478,1
CHAPP0046121,1
CHAPP0047174,1
CHAPP0054379,1
Build  freeze,1
CHAPP0051140,1
CHAPP0054087,1
CHAPP0053406,1
CHAPP0059464,1
CHAPP0048426,1
CHAPP0049400,1
CHAPP0046295,1
CHAPP0055894,1
CHAPP0046557,1
CHAPP0054317,1
CHAPP0053182 ,1
CHAPP0059630,1
CHAPP0058744,1
CHAPP0049057,1
CHAPP0056215,1
CHAPP0051389,1
CHAPP0050015,1
CHAPP0059407,1
CHAPP0046817,1
TIX00431138,1
CHAPP0053149,1
CHAPP0045734,1
CHAPP,1
CHAPP0051734,1
CHAPP0050719,1
CHAPP0056196,1
CHAPP0046668,1
Temporary Manual,1
CHAPP0055329,1
CHAPP0054935,1
CHAPP0051509,1
CHAPP0050780,1
TIX00449204,1
CHAPP0046989,1
CHAPP0057356,1
CHAPP0046039,1
CHAPP0048003,1
CHAPP0055903,1
CHAPP0045891,1
CHAPP0057747,1
CHAPP0056712 / CHAPP0056854,1
CHAPP0046552,1
CHAPP0047357,1
CHG0014786,1
CHAPP0057705,1
53257,1
CHAPP0053902,1
CHAPP0056930,1
CHAPP0052553,1
CHAPP0046956,1
CHAPP0051103,1
CHAPP0048476,1
CHAPP0057689,1
CHAPP0053120,1
CHAPP0050021,1
CHAPP0053089,1
CHAPP0047701,1
CHAPP0049134,1
CHAPP0048034,1
CHAPP0052650,1
TIX00444994,1
CHAPP0053814,1
CHAPP0059141,1
CHAPP0054545,1
CHAPP0047762,1
CHAPP0054515,1
CHAPP0054449,1
CHAPP0050848,1
CHAPP0049581,1
CHAPP0055377,1
CHAPP0055536,1
CHAPP0054966,1
TIX00431238,1
CHAPP0052962,1
CHAPP0056543,1
CHAPP0045162,1
CHAPP0052243,1
CHAPP0055367,1
CHAPP0046752,1
CHAPP0055570,1
CHAPP0058726,1
CHAPP0050383,1
CHG0012277,1
CHAPP0047561,1
CHAPP0053374,1
CHAPP0058408,1
SLG:2040812,1
CHAPP0053448,1
CHAPP0055248,1
CHAPP0052776,1
CHAPP0057167,1
CHAPP0055975,1
CHAPP0047827,1
CHAPP0049003,1
CHAPP0057463,1
CHAPP0057304,1
CHAPP0050378,1
CHAPP0057920,1
CHAPP0058514,1
CHAPP0045133,1
CHAPP0055257,1
CHAPP0054153,1
CHAPP0051027,1
CHG0013306,1
CHAPP0055270,1
CHAPP0055110,1
CHAPP0049511,1
CHAPP0054122,1
CHAPP0058572,1
CHAPP0059567,1
CHAPP0049849,1
CHAPP0057477,1
CHAPP0045760,1
CHAPP0058599,1
CHAPP0049911,1
CHAPP0059658,1
CHAPP0058507,1
CHAPP0050361,1
CHAPP0054160,1
RITM0130226,1
CHAPP0053118,1
CHAPP0055057,1
CHAPP0055528,1
CHAPP0054289,1
CHAPP0059823,1
CHAPP0047567,1
CHAPP0049655,1
CHAPP0053618,1
CHAPP0046290,2
CHAPP0059811,1
CHAPP0050614,1
CHAPP0046189,1
CHAPP0052831,1
CHAPP0057822,4
CHAPP0049759,2
CHAPP0046059,1
CHAPP0056484,1
CHAPP0053398,1
CHAPP0049990,1
CHAPP0058341,5
CHAPP0051792 and CHAPP0051793,1
CHAPP0057419,5
CHAPP0052296,1
CHAPP0048356,1
CHAPP0048660,1
CHAPP0045095,1
CHAPP0052928,1
CHAPP0059257,1
CHAPP0046572,1
CHAPP0049111,1
CHAPP0058404,1
CHAPP0052482,1
CHAPP0054330,7
CHAPP0050187,1
CHAPP0049580,1
CHAPP0045644,1
CHAPP0053160,2
CHAPP0047170,1
RA1826 Installation,1
CHAPP0049444,1
CHAPP0055495,1
CHAPP0046653,1
CHAPP0046644,1
CHAPP0053820,1
CHAPP0049560,1
CHAPP0054248,1
CHAPP0059832,1
CHAPP0053794,1
CHAPP0055826,1
CHAPP0051402,1
CHAPP0053665,1
CHAPP0047680,1
CHAPP0055239,1
Temporary Change,1
CHAPP0050067,1
CHAPP0048624,1
CHAPP0045236,1
CHG0012916,1
TIX00501710,1
TIX00531261,1
CHAPP0053311,1
CHAPP0059271,1
CHAPP0059388,1
CHAPP0058086,1
CHAPP0053620,1
CHAPP0047927,1
CHAPP0056981,1
CHAPP0047249,1
CHAPP0056947,1
CHAPP0045680,1
CHAPP0054224,1
CHAPP0049571,1
CHAPP0046646,1
CHAPP0059432,1
CHAPP0056998,1
CHAPP0055706,1
CHAPP0053695,1
CHAPP0046858,1
CHAPP0051743,2
CHAPP0055040,1
CHAPP0050753,1
CHAPP0048500,1
CHAPP0052338,1
CHAPP0045781,1
CHAPP0047257,1
CHAPP0059096,2
CHAPP0049104,1
CHAPP0059428,1
CHAPP0051522,1
CHAPP0054412 ,1
CHAPP0051652,1
CHAPP0048442,1
CHAPP0052219,1
CHAPP0045520,2
CHAPP0045963,1
CHAPP0055169,1
CHAPP0056139,2
CHAPP0052860,1
CHAPP0052347,3
CHAPP0059713,1
CHAPP0055908,1
CHAPP0049598,1
CHAPP0058887,1
CHAPP0047720,1
TIX00528069,1
CHAPP0057246,1
CHAPP0053608,1
CHAPP0046118,1
CHG0012933,1
CHAPP0050618,1
CHAPP0055777,1
CHAPP0055427,1
CHAPP0048259,1
CHAPP0047736,1
CHAPP0056743,1
Epic #: 1935614,1
CHAPP0046822,1
CHAPP0047490,1
CHAPP0048188,1
CHAPP0054343,1
CHAPP0045310,1
CHAPP0051042,1
TIX00450118,1
CHAPP0055267,1
CHAPP0046524,1
CHAPP0046958,1
CHAPP0059126,1
CHAPP0056234,1
CHAPP0057732,1
CHAPP0052737,1
CHAPP0058185,1
CHAPP0048665,1
CHAPP051668,1
CHAPP0059170,1
CHAPP0051062,1
CHAPP0056631,1
CHAPP0053487,1
CHAPP0049419,1
CHAPP0046323,1
CHAPP0049047,1
CHAPP0051640,1
CHAPP0058467,1
CHAPP0051015,1
54649,1
51323,1
In progress,2
TIX00439136,1
CHAPP0055721,1
CHAPP0051705,1
CHAPP0052427,1
CHAPP0057113,1
CHAPP0055674,1
CHAPP0047009,1
TIX00438307	,1
CHAPP0054614,1
CHAPP0046709,1
CHAPP0055133,1
CHAPP0048505,1
CHAPP0055641,1
CHAPP0055107,1
CHAPP0054556,1
CHAPP0046940,2
CHAPP0048518,1
CHAPP0055007,1
CHAPP0050498,1
CHAPP0047426,1
CHAPP0046986,1
CHAPP0057091,1
CHAPP0048227,1
CHAPP0059086,1
CHAPP0048402,1
CHAPP0049838,1
CHAPP0055219,2
CHAPP0050264,1
TIX00501925,1
CHAPP0054492,1
CHAPP0045135,1
CHAPP0057209,1
CHAPP0049861,1
CHAPP0054629,1
CHAPP0055730,2
CHAPP0052782,1
CHAPP0047686,2
CHAPP0051083,1
CHAPP0050362,1
CHAPP0055931,1
CHAPP0053682,1
CHAPP0049052,1
TIX00420805,1
CHAPP0048731,1
CHAPP0049693,1
CHAPP0052443,1
CHAP0056043,1
CHAPP0049465,1
CHAPP0059829,1
CHAPP0056869,1
CHAPP0057985,1
CHAPP0053286,1
CHAPP0053121,1
CHAPP0059213,1
CHAPP0057443,1
WOTSK0321748,1
54728,1
CHAPP0059442,1
CHAPP0045684,1
CHAPP0056392,1
CHAPP0046971,1
CHAPP0047237,1
CHAPP0051737,1
CHAPP0059351,1
CHAPP0053372,1
CHAPP0052134,1
CHAPP0053215,1
CHAPP0056628,1
CHAPP0051735,1
"Update, as needed",1
CHAPP0053309,1
TIX00444016,1
CHAPP0047970,1
CHAPP0053185,1
CHAPP0059430,1
CHAPP0052354,1
CHAPP0057130,1
CHG0013544,1
TIX00439630,1
CHAPP0052175,1
SLG1943071 ,1
CHAPP0047814,1
CHAPP0053244,1
CHAPP0048100,1
TIX00450120,1
CHAPP0054505,1
TIX00556277,1
CHAPP0049804,1
CHAPP0045257,1
CHAPP0049200,1
CHAPP0057607,1
CHG0013379,1
CHAPP0056864,1
CHAPP0057173,1
CHAPP0045965,1
CHAPP0047491,1
CHAPP0059415,1
 CHAPP0056066,1
CHAPP0046142,1
CHAPP0050696,1
CHAPP0058018,1
0046475,1
CHAPP0054020,1
CHAPP0049764,1
CHAPP0056222,1
CHAPP0049812,1
CHAPP0049189,1
CHAPP0055017,1
CHAPP0046896,1
CHAPP0046657,1
TIX00526363,1
CHAPP0058989,1
CHAPP0049083,1
TIX00444968,1
CHAPP0045268,1
CHAPP0056729,1
CHAPP0052646,1
CHAPP0059280,1
CHAPP0047819,1
CHAPP0057889,1
CHAPP0056549,1
CHAPP0053571,1
CHAPP0046869,1
TIX00548318,1
CHAPP0046320 ,1

